Year_Quarter,year,quarter,revenue,costOfRevenue,grossProfit,rnd,snaExpenses,operatingExpenses,ebitda,operatingIncome,incomeBeforeTax,netIncome,totalAssets,totalEquity,gics_sectors,gics_sector_code
1995Q1,1995,Q1,1346.1,390.5,946.9,0.0,0.0,688.5,428.9,258.4,93.4,56.3,22388.9,7188.2,Utilities,55
1995Q2,1995,Q2,1572.1,431.9,1133.0,0.0,0.0,698.2,605.7,434.8,273.5,143.6,22510.7,7346.2,Utilities,55
1995Q3,1995,Q3,1937.4,588.9,1366.2,0.0,0.0,760.1,783.6,606.1,441.3,242.6,22596.6,7494.9,Utilities,55
1995Q4,1995,Q4,1418.8,415.4,1003.4,0.0,0.0,777.2,401.8,226.2,12.5,2.5,22265.9,7426.1,Utilities,55
1996Q1,1996,Q1,1599.0,548.2,1050.8,0.0,0.0,903.0,342.4,147.8,-39.4,-87.1,23249.3,7138.4,Utilities,55
1996Q2,1996,Q2,1852.5,608.4,1245.3,0.0,0.0,744.0,696.4,501.3,315.7,188.3,23045.7,7323.3,Utilities,55
1996Q3,1996,Q3,2138.2,717.8,1430.5,0.0,0.0,820.7,806.7,609.8,473.2,279.9,23144.1,7602.5,Utilities,55
1996Q4,1996,Q4,1573.7,521.3,1052.4,0.0,0.0,621.3,635.4,431.1,91.5,38.9,22966.3,7568.9,Utilities,55
1997Q1,1997,Q1,2045.6,836.9,1208.8,0.0,0.0,836.6,711.2,372.2,193.4,109.7,27148.6,7655.3,Utilities,55
1997Q2,1997,Q2,2178.1,822.6,1355.5,0.0,0.0,921.5,675.3,434.0,247.4,146.3,26982.9,7747.5,Utilities,55
1997Q3,1997,Q3,2797.6,1184.3,1613.3,0.0,0.0,1174.7,2797.6,438.6,210.7,93.3,27110.2,7674.7,Utilities,55
1997Q4,1997,Q4,2540.2,1179.2,1361.0,0.0,0.0,748.4,1298.3,612.6,120.6,-77.5,27000.7,7882.0,Utilities,55
1998Q1,1998,Q1,2313.1,1150.3,1162.8,0.0,0.0,877.4,618.0,285.4,108.4,48.2,27041.8,7738.2,Utilities,55
1998Q2,1998,Q2,2508.8,1157.1,1351.7,0.0,0.0,879.0,785.8,472.7,282.6,204.3,27173.4,7922.8,Utilities,55
1998Q3,1998,Q3,4587.4,3024.3,1563.1,0.0,0.0,1040.9,1026.3,522.2,340.4,251.0,27370.3,8080.4,Utilities,55
1998Q4,1998,Q4,2085.5,1043.5,1042.0,0.0,0.0,554.8,736.0,487.2,320.9,235.5,22848.0,7978.0,Utilities,55
1999Q1,1999,Q1,1639.9,796.3,843.6,0.0,0.0,640.1,408.9,203.5,118.0,62.2,22849.4,7893.5,Utilities,55
1999Q2,1999,Q2,2316.4,1184.833,1131.571,0.0,0.0,767.62,640.657,363.951,296.2,199.777,23083.7,8018.3,Utilities,55
1999Q3,1999,Q3,3064.5,1743.5,1321.0,0.0,0.0,719.1,785.9,601.9,507.0,286.3,23397.8,8105.6,Utilities,55
1999Q4,1999,Q4,1752.5,876.7,875.8,0.0,0.0,803.3,273.6,72.5,30.5,16.2,22985.1,7677.507,Utilities,55
2000Q1,2000,Q1,1811.492,885.855,925.637,0.0,0.0,639.033,483.214,286.604,191.235,98.86,23362.227,7552.159,Utilities,55
2000Q2,2000,Q2,2137.788,983.586,1154.202,0.0,0.0,720.664,626.338,433.538,395.636,237.192,24324.276,7552.773,Utilities,55
2000Q3,2000,Q3,3431.555,1971.366,1460.189,0.0,0.0,866.352,804.805,593.837,514.616,299.934,24027.103,7476.925,Utilities,55
2000Q4,2000,Q4,2635.313,1538.42,1096.893,0.0,0.0,865.293,447.223,231.6,88.348,43.308,25565.227,7404.111,Utilities,55
2001Q1,2001,Q1,2652.427,1506.949,1145.478,0.0,0.0,759.447,602.462,386.031,269.3,154.155,25191.759,7463.048,Utilities,55
2001Q2,2001,Q2,2495.276,1294.591,1211.684,0.0,0.0,731.135,677.523,480.549,411.425,238.906,25366.842,7680.241,Utilities,55
2001Q3,2001,Q3,2575.736,1228.796,1346.94,0.0,0.0,740.437,740.182,606.503,502.754,312.484,26181.634,7867.758,Utilities,55
2001Q4,2001,Q4,1897.461,761.92,1135.541,0.0,0.0,986.722,365.093,148.819,-0.762,20.652,25910.311,7816.542,Utilities,55
2002Q1,2002,Q1,1860.834,663.534,1197.3,0.0,0.0,1242.975,167.642,-45.675,-98.881,-72.983,25509.856,7792.434,Utilities,55
2002Q2,2002,Q2,2096.581,729.618,1366.963,0.0,0.0,870.809,710.227,496.154,396.119,241.653,26001.334,8015.159,Utilities,55
2002Q3,2002,Q3,2468.875,918.872,1550.003,0.0,0.0,886.314,886.295,663.689,595.478,360.876,26776.993,8178.663,Utilities,55
2002Q4,2002,Q4,1878.746,674.907,1203.839,0.0,0.0,1272.164,151.317,-68.325,24.295,75.755,26947.969,8196.901,Utilities,55
2003Q1,2003,Q1,2037.723,756.739,1280.984,0.0,0.0,709.558,819.97,571.426,410.419,395.007,27400.789,8598.511,Utilities,55
2003Q2,2003,Q2,2353.909,983.282,1370.627,0.0,0.0,874.69,735.744,495.937,337.35,205.641,28832.461,8850.907,Utilities,55
2003Q3,2003,Q3,2700.125,1137.354,1562.771,0.0,0.0,943.766,875.6,619.005,592.466,365.774,28567.83,9105.335,Utilities,55
2003Q4,2003,Q4,2103.16,1026.461,1076.699,0.0,0.0,1036.131,292.225,40.568,-36.771,-33.625,28554.21,9037.995,Utilities,55
2004Q1,2004,Q1,2251.549,999.647,1251.902,0.0,0.0,889.157,611.741,362.745,319.013,207.161,28762.306,9223.016,Utilities,55
2004Q2,2004,Q2,2485.097,1082.906,1402.191,0.0,0.0,907.879,747.051,494.312,437.206,265.182,28869.568,9078.416,Utilities,55
2004Q3,2004,Q3,2963.581,1448.261,1515.32,0.0,0.0,943.848,845.543,571.472,462.823,282.244,28937.929,9174.926,Utilities,55
2004Q4,2004,Q4,2423.496,1174.78,1248.716,0.0,0.0,1130.38,387.652,118.336,79.914,154.937,28310.777,8662.043,Utilities,55
2005Q1,2005,Q1,2323.414,930.609,1179.573,0.0,0.0,886.585,546.077,292.988,273.655,171.996,28426.901,8380.024,Utilities,55
2005Q2,2005,Q2,2709.519,1067.072,1378.319,0.0,0.0,894.696,724.992,483.623,449.179,286.15,28581.151,8345.793,Utilities,55
2005Q3,2005,Q3,3129.731,1397.291,1500.967,0.0,0.0,846.627,907.279,654.34,574.645,349.952,29966.742,8205.064,Utilities,55
2005Q4,2005,Q4,2156.64,791.115,1365.525,0.0,0.0,1088.089,531.891,277.436,240.406,90.233,30851.269,8194.245,Utilities,55
2006Q1,2006,Q1,2568.031,1301.541,1266.49,0.0,0.0,915.745,592.552,350.745,322.735,193.628,30516.046,8559.13,Utilities,55
2006Q2,2006,Q2,2628.502,1281.573,1346.929,0.0,0.0,918.565,683.189,428.364,399.358,274.028,30563.673,8553.97,Utilities,55
2006Q3,2006,Q3,3254.719,1638.38,1616.339,0.0,0.0,993.494,891.84,622.845,599.181,388.883,30557.654,8903.295,Utilities,55
2006Q4,2006,Q4,2480.904,1188.391,1292.513,0.0,0.0,1011.788,550.251,280.725,254.866,240.505,31082.731,8542.8,Utilities,55
2007Q1,2007,Q1,2600.23,1231.651,1462.409,0.0,0.0,1023.815,708.834,438.594,356.748,205.974,31146.842,8183.971,Utilities,55
2007Q2,2007,Q2,2769.352,1196.602,1572.75,0.0,0.0,1094.71,758.773,478.04,374.053,261.414,33414.727,8151.983,Utilities,55
2007Q3,2007,Q3,3289.087,1329.905,1959.182,0.0,0.0,1148.85,1092.993,810.332,691.999,454.784,33758.517,8334.392,Utilities,55
2007Q4,2007,Q4,2731.9,1163.626,1568.274,0.0,0.0,1238.872,627.378,329.402,224.953,187.572,33643.002,8173.833,Utilities,55
2008Q1,2008,Q1,2864.734,1161.143,1703.591,0.0,0.0,1097.358,897.214,606.233,501.752,303.751,33764.767,7984.216,Utilities,55
2008Q2,2008,Q2,3264.271,1530.879,1733.392,0.0,0.0,1165.283,896.73,568.109,458.941,270.954,34693.341,7633.824,Utilities,55
2008Q3,2008,Q3,3963.884,2034.282,1929.602,0.0,0.0,1177.51,1063.263,752.092,638.528,465.291,36457.964,8287.946,Utilities,55
2008Q4,2008,Q4,3000.868,1620.258,1380.61,0.0,0.0,1023.877,680.057,356.733,249.285,185.545,36616.818,8060.592,Utilities,55
2009Q1,2009,Q1,2789.112,1226.366,1562.746,0.0,48.742,1056.219,899.081,506.527,403.379,235.335,36612.587,8724.406,Utilities,55
2009Q2,2009,Q2,2520.789,904.224,1616.565,0.0,49.307,1142.069,823.857,474.496,322.452,226.813,36485.22,8860.474,Utilities,55
2009Q3,2009,Q3,2937.095,1008.878,1928.217,0.0,50.069,1127.913,1249.623,800.304,740.581,455.169,36170.335,8268.124,Utilities,55
2009Q4,2009,Q4,2498.654,805.715,1692.939,0.0,0.0,1189.738,704.811,503.201,417.379,313.775,37364.597,8707.36,Utilities,55
2010Q1,2010,Q1,2759.347,1095.86,1663.487,0.0,51.576,1186.773,961.129,476.714,366.499,213.799,38109.402,8954.079,Utilities,55
2010Q2,2010,Q2,2862.95,1112.225,1750.725,0.0,52.467,1124.484,1070.399,626.241,524.19,315.266,37752.074,8864.738,Utilities,55
2010Q3,2010,Q3,3332.176,1298.442,2033.734,0.0,53.38,1263.092,1237.421,770.642,682.537,492.886,38680.038,8825.752,Utilities,55
2010Q4,2010,Q4,2533.104,927.594,1605.51,0.0,54.313,1211.73,914.959,393.78,314.318,228.291,38685.276,8590.4,Utilities,55
2011Q1,2011,Q1,2541.208,934.296,1606.912,0.0,55.265,1096.021,976.473,510.891,417.928,248.663,38598.566,8629.138,Utilities,55
2011Q2,2011,Q2,2803.279,1077.526,1725.753,0.0,61.098,1167.015,1028.067,558.738,471.551,315.583,39129.761,8691.566,Utilities,55
2011Q3,2011,Q3,3395.553,1389.883,2005.67,0.0,260.315,1404.761,1105.228,600.909,513.938,628.054,39004.498,9059.362,Utilities,55
2011Q4,2011,Q4,2489.032,911.595,1577.437,0.0,23.366,1234.742,849.376,342.695,250.217,154.139,40689.269,8961.27,Utilities,55
2012Q1,2012,Q1,2383.659,1964.846,418.813,0.0,57.903,475.67,440.461,-56.857,-146.902,-146.74,40930.224,9008.26,Utilities,55
2012Q2,2012,Q2,2518.6,1613.158,905.442,0.0,149.592,562.458,770.168,342.984,248.382,365.001,40917.605,9123.996,Utilities,55
2012Q3,2012,Q3,2963.56,1760.646,1202.914,0.0,81.273,512.062,1183.975,690.852,575.173,337.088,42023.68,9284.522,Utilities,55
2012Q4,2012,Q4,2436.259,4215.782,-1779.523,0.0,0.0,-2103.725,845.546,324.202,222.565,296.268,43185.168,9197.089,Utilities,55
2013Q1,2013,Q1,2608.874,1698.439,910.435,0.0,0.0,516.39,904.412,394.045,283.518,161.4,42792.973,9213.076,Utilities,55
2013Q2,2013,Q2,2738.208,1886.011,852.197,0.0,0.0,505.685,866.162,346.512,241.168,163.723,43262.285,9274.517,Utilities,55
2013Q3,2013,Q3,3351.959,2406.41,945.549,0.0,0.0,556.655,943.821,388.894,268.735,239.85,43324.238,9408.451,Utilities,55
2013Q4,2013,Q4,2691.906,1939.564,752.342,0.0,0.0,526.795,858.269,225.547,163.132,146.929,43406.446,9632.466,Utilities,55
2014Q1,2014,Q1,3208.843,1915.98,1292.863,0.0,0.0,552.986,1294.992,739.877,623.019,401.174,43861.316,9948.428,Utilities,55
2014Q2,2014,Q2,2996.65,2005.085,991.565,0.0,0.0,537.088,1004.363,454.477,323.024,189.383,44150.747,10062.468,Utilities,55
2014Q3,2014,Q3,3458.11,2401.432,1056.678,0.0,0.0,563.819,1096.076,492.859,396.681,230.037,44541.649,10149.035,Utilities,55
2014Q4,2014,Q4,2831.318,1983.443,847.875,0.0,0.0,528.202,909.822,319.673,207.13,120.127,46527.854,10007.725,Utilities,55
2015Q1,2015,Q1,2920.09,1807.456,1112.634,0.0,0.0,569.865,1139.628,542.769,453.4,298.05,46377.533,10133.979,Utilities,55
2015Q2,2015,Q2,2713.231,1767.632,945.599,0.0,0.0,568.216,957.199,377.383,253.503,148.843,46265.651,10158.196,Utilities,55
2015Q3,2015,Q3,3371.406,3752.399,-380.993,0.0,0.0,584.023,-379.036,-965.016,-1085.898,-718.233,45041.605,9157.125,Utilities,55
2015Q4,2015,Q4,2508.523,2226.691,281.832,0.0,0.0,536.133,243.253,-254.301,-420.666,99.573,44647.681,9256.791,Utilities,55
2016Q1,2016,Q1,2609.852,1557.796,1052.056,0.0,0.0,553.838,1039.564,498.218,375.187,229.966,45933.882,9360.947,Utilities,55
2016Q2,2016,Q2,2462.562,1437.409,1025.153,0.0,0.0,582.895,1006.621,442.258,323.617,567.314,45877.042,9757.787,Utilities,55
2016Q3,2016,Q3,3124.703,1744.789,1379.914,0.0,0.0,607.854,1354.424,772.06,651.11,388.17,47738.181,10069.062,Utilities,55
2016Q4,2016,Q4,2648.527,4630.758,-1982.231,0.0,0.0,616.77,-1992.711,-2599.001,-2731.677,-1765.538,45904.434,8081.809,Utilities,55
2017Q1,2017,Q1,2588.458,1876.545,711.913,0.0,0.0,516.42,787.234,195.493,93.814,82.605,45318.206,8057.189,Utilities,55
2017Q2,2017,Q2,2618.55,1839.27,779.28,0.0,0.0,610.441,750.408,168.839,76.256,409.922,46007.037,8370.856,Utilities,55
2017Q3,2017,Q3,3243.628,1855.585,1388.043,0.0,0.0,629.04,1329.232,759.003,643.439,398.198,46398.442,8690.237,Utilities,55
2017Q4,2017,Q4,2623.845,1902.796,721.049,0.0,0.0,509.148,841.97,211.901,154.414,-475.711,46707.149,7992.515,Utilities,55
2018Q1,2018,Q1,2723.881,1665.664,1058.217,0.0,0.0,722.553,874.702,335.664,179.863,132.761,47281.525,7974.943,Utilities,55
2018Q2,2018,Q2,2668.77,1758.299,910.471,0.0,0.0,818.874,648.338,91.597,-31.736,245.421,47622.649,8022.461,Utilities,55
2018Q3,2018,Q3,3104.319,2060.599,1043.72,0.0,0.0,772.685,926.614,271.035,256.812,536.379,48471.172,8412.712,Utilities,55
2018Q4,2018,Q4,2512.482,2057.494,454.988,0.0,0.0,683.92,123.977,-228.932,-579.211,-62.322,48275.066,8844.305,Utilities,55
2019Q1,2019,Q1,2609.584,1651.329,958.255,0.0,0.0,675.001,1015.185,283.254,301.417,254.537,49605.381,8970.367,Utilities,55
2019Q2,2019,Q2,2666.209,1706.016,960.193,0.0,0.0,621.418,964.875,338.775,241.991,236.424,50565.745,9797.503,Utilities,55
2019Q3,2019,Q3,3140.575,1771.018,1369.557,0.0,0.0,849.628,1151.169,519.929,398.66,365.24,50506.268,10035.061,Utilities,55
2019Q4,2019,Q4,2462.306,1571.443,890.863,0.0,0.0,642.323,881.928,248.54,146.35,385.025,51723.912,10223.675,Utilities,55
2020Q1,2020,Q1,2427.179,1366.319,1060.86,0.0,0.0,661.104,1027.694,399.756,52.1,123.294,52555.029,10223.967,Utilities,55
2020Q2,2020,Q2,2412.788,1334.121,1078.667,0.0,0.0,639.356,1221.5,439.311,454.228,365.113,53365.302,10425.988,Utilities,55
2020Q3,2020,Q3,2903.568,1482.313,1421.255,0.0,0.0,643.239,1435.566,778.016,675.143,525.699,56070.251,10771.839,Utilities,55
2020Q4,2020,Q4,2370.101,1472.67,897.432,0.0,0.0,745.321,860.653,152.111,103.676,392.548,58239.212,10926.142,Utilities,55
2021Q1,2021,Q1,2844.838,1631.426,1213.412,0.0,0.0,705.415,1185.531,507.997,405.087,339.145,58667.628,11017.176,Utilities,55
2021Q2,2021,Q2,2822.07,1703.253,1118.817,0.0,0.0,950.609,763.289,168.208,-19.81,-1.394,55949.283,10887.947,Utilities,55
2021Q3,2021,Q3,3353.532,1793.021,1560.511,0.0,0.0,732.641,1449.394,827.87,693.865,535.583,58843.499,11252.524,Utilities,55
2021Q4,2021,Q4,2722.456,1743.331,979.125,0.0,0.0,637.576,989.516,341.549,230.952,258.898,59454.242,11637.284,Utilities,55
2022Q1,2022,Q1,2877.925,1658.378,1219.547,0.0,0.0,653.487,1151.265,566.06,346.09,279.593,59833.526,11710.103,Utilities,55
2022Q2,2022,Q2,3395.196,2037.205,1357.991,0.0,0.0,1276.859,682.501,81.132,-195.632,159.703,57827.579,11711.079,Utilities,55
2022Q3,2022,Q3,4218.615,2614.729,1603.886,0.0,0.0,649.181,1521.256,954.705,739.994,555.882,58975.295,12096.351,Utilities,55
2022Q4,2022,Q4,3272.5,2178.575,1093.925,0.0,0.0,645.047,884.291,448.878,167.708,97.652,58595.191,13001.985,Utilities,55
2023Q1,2023,Q1,2981.059,1805.431,1175.628,0.0,0.0,713.519,1032.286,462.109,233.324,312.299,59203.276,13058.234,Utilities,55
2023Q2,2023,Q2,2846.026,1484.932,1361.094,0.0,0.0,605.167,1341.297,755.927,526.81,392.014,59717.236,13237.066,Utilities,55
2023Q3,2023,Q3,3595.522,1807.687,1787.835,0.0,0.0,644.452,1703.849,1143.383,896.711,669.714,60552.147,13691.468,Utilities,55
2023Q4,2023,Q4,2724.805,1719.926,1004.879,0.0,0.0,748.322,845.228,256.557,14.931,988.284,59703.396,14657.647,Utilities,55
2024Q1,2024,Q1,2794.628,1570.053,1224.575,0.0,0.0,986.593,965.142,237.982,97.53,76.536,61629.856,14458.34,Utilities,55
2024Q2,2024,Q2,2953.62,1463.307,1490.313,0.0,0.0,872.683,981.023,617.63,85.366,51.732,62766.297,14567.729,Utilities,55
2024Q3,2024,Q3,3389.1,1620.221,1768.879,0.0,0.0,643.017,1771.138,1125.862,861.229,645.754,64462.049,15032.842,Utilities,55
2024Q4,2024,Q4,2742.305,1487.787,1254.518,0.0,0.0,584.903,1319.29,669.615,398.086,286.447,64790.032,15118.908,Utilities,55
2025Q1,2025,Q1,2846.874,1395.976,1450.898,0.0,0.0,750.794,1414.82,700.104,462.463,360.76,66620.409,15185.311,Utilities,55
2025Q2,2025,Q2,3328.849,1766.455,1562.394,0.0,0.0,724.969,1565.065,837.425,610.353,471.954,68383.14,16213.0,Utilities,55
