ticker,Year_Quarter,year,quarter,Q1,Q2,Q3,Q4,revenue,grossProfit,costOfRevenue,operatingExpenses,snaExpenses,ebitda,operatingIncome,incomeBeforeTax,netIncome,rnd,net_plus_rnd,totalAssets,totalEquity,totalAssets_lag1,totalEquity_lag1,rnd_to_rev_ratio,sna_to_rev_ratio,grossProfitRatio,operatingIncomeRatio,netIncomeRatio,rnd_lag1,rnd_lag2,rnd_lag3,rnd_lag4,rnd_lag5,rnd_lag6,rnd_lag7,rnd_lag8,rnd_lag9,rnd_lag10,rnd_lag11,rnd_lag12,rnd_to_rev_ratio_lag1,rnd_to_rev_ratio_lag2,rnd_to_rev_ratio_lag3,rnd_to_rev_ratio_lag4,rnd_to_rev_ratio_lag5,rnd_to_rev_ratio_lag6,rnd_to_rev_ratio_lag7,rnd_to_rev_ratio_lag8,rnd_to_rev_ratio_lag9,rnd_to_rev_ratio_lag10,rnd_to_rev_ratio_lag11,rnd_to_rev_ratio_lag12,revenue_yoy,netIncome_yoy,grossProfit_yoy,rnd_yoy,ebitda_yoy,operatingIncome_yoy,incomeBeforeTax_yoy,costOfRevenue_yoy,snaExpenses_yoy,operatingExpenses_yoy,rnd_to_rev_ratio_yoy,sna_to_rev_ratio_yoy,grossProfitRatio_yoy,operatingIncomeRatio_yoy,netIncomeRatio_yoy,net_plus_rnd_yoy,gics_sectors,gics_sector_code,quarter_int,time_idx,revenue_log,revenue_lag1,revenue_lag4,totalAssets_log,totalEquity_log,totalAssets_lag1_log,totalEquity_lag1_log
OMC,1995Q2,1995,Q2,0,1,0,0,526.0,541.3,-15.3,460.6,445.3,96.0,80.7,72.0,42.1,0.0,42.1,3136.0,595.1,2961.6,573.1,0.0,0.8465779467680609,1.0290874524714828,0.1534220532319391,0.0800380228136882,0.0,,,,,,,,,,,,0.0,,,,,,,,,,,,,,,,,,,,,,,,,,,,Communication Services,50.0,2.0,1,6.267200548541362,459.9,,8.051022208190679,6.390408438225881,7.993822540147952,6.352803597173591
OMC,1995Q3,1995,Q3,0,0,1,0,537.7,566.2,-28.5,520.4,491.9,74.3,45.8,39.2,23.7,0.0,23.7,3348.9,551.1,3136.0,595.1,0.0,0.9148223916682164,1.0530035335689043,0.0851776083317835,0.0440766226520364,0.0,0.0,,,,,,,,,,,0.0,0.0,,,,,,,,,,,,,,,,,,,,,,,,,,,Communication Services,50.0,3.0,2,6.289158829686488,526.0,,8.116685773627301,6.313729189289999,8.051022208190679,6.390408438225881
OMC,1995Q4,1995,Q4,0,0,0,1,650.5,672.7,-22.2,584.9,562.7,110.0,87.8,80.1,47.6,0.0,47.6,3527.7,551.5,3348.9,551.1,0.0,0.8650269023827826,1.03412759415834,0.1349730976172175,0.073174481168332,0.0,0.0,0.0,,,,,,,,,,0.0,0.0,0.0,,,,,,,,,,,,,,,,,,,,,,,,,,Communication Services,50.0,4.0,3,6.4792773965649,537.7,,8.168684810143898,6.314453433391908,8.116685773627301,6.313729189289999
OMC,1996Q1,1996,Q1,1,0,0,0,567.0,587.5,-20.5,527.9,507.4,80.1,59.6,52.2,30.5,0.0,30.5,3564.1,544.7,3527.7,551.5,0.0,0.8948853615520281,1.0361552028218697,0.1051146384479717,0.0537918871252204,0.0,0.0,0.0,0.0,,,,,,,,,0.0,0.0,0.0,0.0,,,,,,,,,0.2328767123287671,0.2655601659751037,0.2272822226864423,,0.2027027027027026,0.2468619246861925,0.2825552825552826,0.0904255319148936,0.231254549866537,0.2251102343931306,,-0.0013157539971422,-0.0045377527098855,0.0113435611343561,0.0265099124020284,0.2655601659751037,Communication Services,50.0,1.0,4,6.342121418721152,650.5,459.9,8.178947382945871,6.302069374192186,8.168684810143898,6.314453433391908
OMC,1996Q2,1996,Q2,0,1,0,0,666.5,691.2,-24.7,590.0,565.3,125.9,101.2,91.4,53.0,0.0,53.0,3721.1,595.1,3564.1,544.7,0.0,0.8481620405101274,1.037059264816204,0.1518379594898724,0.0795198799699925,0.0,0.0,0.0,0.0,0.0,,,,,,,,0.0,0.0,0.0,0.0,0.0,,,,,,,,0.2671102661596958,0.2589073634204275,0.2769259190836877,,0.3114583333333334,0.2540272614622056,0.2694444444444446,0.6143790849673201,0.2694812485964517,0.2809379070777247,,0.0018711729358342,0.007746486778724,-0.0103250719743133,-0.0064737086884547,0.2589073634204275,Communication Services,50.0,2.0,5,6.503539390274405,567.0,526.0,8.222043304116935,6.390408438225881,8.178947382945871,6.302069374192186
OMC,1996Q3,1996,Q3,0,0,1,0,631.8,656.3,-24.5,596.7,572.2,84.1,59.6,54.4,32.2,0.0,32.2,3558.0,734.6,3721.1,595.1,0.0,0.9056663501107948,1.03877809433365,0.0943336498892054,0.0509654954099398,0.0,0.0,0.0,0.0,0.0,0.0,,,,,,,0.0,0.0,0.0,0.0,0.0,0.0,,,,,,,0.175004649432769,0.3586497890295359,0.1591310490992581,,0.1318977119784656,0.3013100436681224,0.3877551020408161,-0.1403508771929824,0.163244561902826,0.1466179861644889,,-0.0100085455284115,-0.0135093936361645,0.1074935271927026,0.1562931173807875,0.3586497890295359,Communication Services,50.0,3.0,6,6.450154416453444,666.5,537.7,8.177234885510194,6.6006864927301665,8.222043304116935,6.390408438225881
OMC,1996Q4,1996,Q4,0,0,0,1,751.9,781.9,-30.0,677.2,647.2,134.7,104.7,100.9,60.2,0.0,60.2,4055.9,800.7,3558.0,734.6,0.0,0.8607527596754888,1.0398989227290862,0.1392472403245112,0.0800638382763665,0.0,0.0,0.0,0.0,0.0,0.0,0.0,,,,,,0.0,0.0,0.0,0.0,0.0,0.0,0.0,,,,,,0.1558800922367409,0.2647058823529411,0.1623309053069717,,0.2245454545454543,0.1924829157175398,0.2596754057428216,0.3513513513513513,0.1501688288608493,0.1578047529492221,,-0.0049410517702054,0.0055808670064969,0.0316666267778424,0.0941497226633703,0.2647058823529411,Communication Services,50.0,4.0,7,6.623932416856077,631.8,650.5,8.308174414147423,6.686734473048906,8.177234885510194,6.6006864927301665
OMC,1997Q1,1997,Q1,1,0,0,0,696.6,722.6,-26.0,648.6,622.6,100.0,74.0,68.4,40.1,0.0,40.1,4056.6,792.4,4055.9,800.7,0.0,0.8937697387309791,1.0373241458512776,0.1062302612690209,0.0575653172552397,0.0,0.0,0.0,0.0,0.0,0.0,0.0,0.0,,,,,0.0,0.0,0.0,0.0,0.0,0.0,0.0,0.0,,,,,0.2285714285714286,0.3147540983606558,0.2299574468085106,,0.2484394506866418,0.2416107382550334,0.3103448275862068,0.2682926829268293,0.2270398108001576,0.2286417882174656,,-0.0012466656277785,0.0011281543790202,0.0106133916029342,0.0701486847121617,0.3147540983606558,Communication Services,50.0,1.0,8,6.54764587259477,751.9,567.0,8.308346944802851,6.67632750808023,8.308174414147423,6.686734473048906
OMC,1997Q2,1997,Q2,0,1,0,0,786.3,815.7,-29.4,692.9,663.5,152.2,122.8,114.4,66.4,0.0,66.4,4341.5,841.5,4056.6,792.4,0.0,0.8438255118911357,1.0373903090423504,0.1561744881088643,0.0844461401500699,0.0,0.0,0.0,0.0,0.0,0.0,0.0,0.0,0.0,,,,0.0,0.0,0.0,0.0,0.0,0.0,0.0,0.0,0.0,,,,0.1797449362340584,0.2528301886792454,0.1801215277777776,,0.2088959491660045,0.2134387351778655,0.2516411378555798,0.1902834008097165,0.1737130727047586,0.1744067796610169,,-0.0051128539263364,0.000319214376051,0.0285602403612457,0.061950045472106,0.2528301886792454,Communication Services,50.0,2.0,9,6.668609370190421,696.6,666.5,8.37620549811526,6.736373662226517,8.308346944802851,6.67632750808023
OMC,1997Q3,1997,Q3,0,0,1,0,746.8,776.6,-29.8,696.8,667.0,109.6,79.8,71.4,41.5,0.0,41.5,4388.1,819.8,4341.5,841.5,0.0,0.8931440814140332,1.0399035886448849,0.1068559185859668,0.055570433851098,0.0,0.0,0.0,0.0,0.0,0.0,0.0,0.0,0.0,0.0,,,0.0,0.0,0.0,0.0,0.0,0.0,0.0,0.0,0.0,0.0,,,0.182019626464071,0.2888198757763973,0.1833003199756211,,0.3032104637336503,0.3389261744966443,0.3125000000000002,0.2163265306122448,0.1656763369451239,0.1677559912854029,,-0.013826580500898,0.0010834790581109,0.1327444523928493,0.0903540405939045,0.2888198757763973,Communication Services,50.0,3.0,10,6.617135562543013,786.3,631.8,8.386879473661988,6.710279474416505,8.37620549811526,6.736373662226517
OMC,1997Q4,1997,Q4,0,0,0,1,895.0,929.9,-34.9,803.1,768.2,161.7,126.8,124.7,74.4,0.0,74.4,4965.7,866.7,4388.1,819.8,0.0,0.8583240223463687,1.0389944134078213,0.1416759776536312,0.0831284916201117,0.0,0.0,0.0,0.0,0.0,0.0,0.0,0.0,0.0,0.0,0.0,,0.0,0.0,0.0,0.0,0.0,0.0,0.0,0.0,0.0,0.0,0.0,,0.1903178614177416,0.2358803986710964,0.1892825169459009,,0.2004454342984409,0.2110792741165232,0.2358771060455897,0.1633333333333333,0.1869592088998763,0.185912581216775,,-0.0028216433834447,-0.0008698050372926,0.0174419063778925,0.0382776220791032,0.2358803986710964,Communication Services,50.0,4.0,11,6.79794041297493,746.8,751.9,8.510510914652315,6.765846032799444,8.386879473661988,6.710279474416505
OMC,1998Q1,1998,Q1,1,0,0,0,861.0,888.2,-27.2,789.0,761.8,135.5,99.2,88.9,50.9,0.0,50.9,5743.9,1023.4,4965.7,866.7,0.0,0.8847851335656213,1.0315911730545877,0.1152148664343786,0.0591173054587688,0.0,0.0,0.0,0.0,0.0,0.0,0.0,0.0,0.0,0.0,0.0,0.0,0.0,0.0,0.0,0.0,0.0,0.0,0.0,0.0,0.0,0.0,0.0,0.0,0.2360034453057709,0.2693266832917704,0.2291724328812621,,0.355,0.3405405405405406,0.2997076023391813,0.0461538461538462,0.2235785415997428,0.2164662349676225,,-0.0100524830680825,-0.0055266936758568,0.0845767021376777,0.0269604733810073,0.2693266832917704,Communication Services,50.0,1.0,12,6.759255270663693,895.0,696.6,8.656067783690979,6.931862354325371,8.510510914652315,6.765846032799444
OMC,1998Q2,1998,Q2,0,1,0,0,1051.5,1092.5,-41.0,917.7,876.7,218.8,174.8,155.8,86.0,0.0,86.0,6150.6,1078.7,5743.9,1023.4,0.0,0.8337612933903947,1.0389919163100332,0.1662387066096053,0.0817879220161673,0.0,0.0,0.0,0.0,0.0,0.0,0.0,0.0,0.0,0.0,0.0,0.0,0.0,0.0,0.0,0.0,0.0,0.0,0.0,0.0,0.0,0.0,0.0,0.0,0.3372758489126288,0.2951807228915661,0.3393404437906091,,0.437582128777924,0.4234527687296419,0.3618881118881119,0.3945578231292517,0.321326299924642,0.3244335401933902,,-0.0119268952631992,0.0015438810770858,0.0644421417518945,-0.0314782668477047,0.2951807228915661,Communication Services,50.0,2.0,13,6.958923565556536,861.0,786.3,8.724467489565768,6.984438503753095,8.656067783690979,6.931862354325371
OMC,1998Q3,1998,Q3,0,0,1,0,981.6,1023.8,-42.2,912.9,870.6,160.8,110.9,96.0,53.8,0.1,53.9,6224.3,1067.4,6150.6,1078.7,0.0,0.886919315403423,1.0429910350448246,0.1129788101059494,0.0548084759576202,0.0,0.0,0.0,0.0,0.0,0.0,0.0,0.0,0.0,0.0,0.0,0.0,0.0,0.0,0.0,0.0,0.0,0.0,0.0,0.0,0.0,0.0,0.0,0.0,0.3144081414033208,0.2963855421686745,0.3183105845995364,,0.4671532846715329,0.3897243107769426,0.3445378151260503,0.4161073825503356,0.3052473763118442,0.3101320321469576,,-0.0069694981360176,0.0029689736949201,0.0573004434476573,-0.013711569996367,0.2987951807228914,Communication Services,50.0,3.0,14,6.890202119734548,1051.5,746.8,8.736376912942758,6.973917481235806,8.724467489565768,6.984438503753095
OMC,1998Q4,1998,Q4,0,0,0,1,1197.9,1241.9,-44.0,1066.8,1022.8,219.1,175.1,160.2,94.4,0.0,94.4,6910.1,1086.5,6224.3,1067.4,0.0,0.8538275315134818,1.036730945821855,0.146172468486518,0.0788045746723432,0.1,0.0,0.0,0.0,0.0,0.0,0.0,0.0,0.0,0.0,0.0,0.0,0.0,0.0,0.0,0.0,0.0,0.0,0.0,0.0,0.0,0.0,0.0,0.0,0.3384357541899443,0.2688172043010752,0.3355199483815465,,0.3549783549783549,0.3809148264984228,0.284683239775461,0.2607449856733526,0.3314241083051288,0.3283526335450129,,-0.0052386869245428,-0.0021785175711794,0.0317378493330731,-0.0520148611324298,0.2688172043010752,Communication Services,50.0,4.0,15,7.089159748713608,981.6,895.0,8.840884093672717,6.991636762962839,8.736376912942758,6.973917481235806
OMC,1999Q2,1999,Q2,0,1,0,0,1146.9,1191.9,-45.0,1057.3,1012.3,179.577,134.6,116.1,65.6,0.0,65.6,6910.2,1013.8,6910.1,1086.5,0.0,0.8826401604324701,1.0392362019356527,0.1173598395675298,0.0571976632661958,0.0,0.1,0.0,0.0,0.0,0.0,0.0,0.0,0.0,0.0,0.0,0.0,0.0,0.0,0.0,0.0,0.0,0.0,0.0,0.0,0.0,0.0,0.0,0.0,0.33205574912892,0.2888015717092338,0.341927493807701,,0.325291512915129,0.3568548387096772,0.3059617547806523,0.6544117647058825,0.3288264636387503,0.3400506970849175,,-0.0024242870407498,0.0074109095548264,0.0186171559238226,-0.0324717471081609,0.2888015717092338,Communication Services,50.0,2.0,16,7.045689465071451,1197.9,861.0,8.840898563044675,6.9224468277251265,8.840884093672717,6.991636762962839
OMC,1999Q2,1999,Q2,0,1,0,0,1270.4,1317.4,-47.0,1106.9,1059.9,257.469,210.5,187.7,107.1,0.0,107.1,7226.6,1032.0,6910.2,1013.8,0.0,0.8343041561712846,1.0369962216624684,0.1656958438287153,0.0843041561712846,0.0,0.0,0.1,0.0,0.0,0.0,0.0,0.0,0.0,0.0,0.0,0.0,0.0,0.0,0.0,0.0,0.0,0.0,0.0,0.0,0.0,0.0,0.0,0.0,0.2081787922016167,0.2453488372093022,0.205858123569794,,0.1767321755027422,0.2042334096109839,0.2047496790757379,0.146341463414634,0.2089654385764801,0.2061675928952817,,0.0006511009628216,-0.0019207990131939,-0.0032655618655937,0.0307653513268113,0.2453488372093022,Communication Services,50.0,2.0,17,7.147873934502308,1146.9,1051.5,8.885662309837675,6.940222469119639,8.840898563044675,6.9224468277251265
OMC,1999Q3,1999,Q3,0,0,1,0,1210.9,1239.9,-29.0,1092.7,1063.7,176.2,147.2,124.2,70.3,0.0,70.3,7461.8,1060.3,7226.6,1032.0,0.0,0.8784375258072508,1.0239491287472129,0.1215624741927491,0.0580559914113469,0.0,0.0,0.0,0.1,0.0,0.0,0.0,0.0,0.0,0.0,0.0,0.0,0.0,0.0,0.0,0.0,0.0,0.0,0.0,0.0,0.0,0.0,0.0,0.0,0.233598207008965,0.3066914498141264,0.2110763821058801,-1.0,0.0957711442786068,0.3273219116321009,0.2937499999999999,-0.3127962085308057,0.2218010567424764,0.1969547595574543,-1.0,-0.0095632031559873,-0.0182570181888412,0.0759758761731523,0.0592520663453186,0.3042671614100185,Communication Services,50.0,3.0,18,7.099944654974442,1270.4,981.6,8.917685957897843,6.967249850767777,8.885662309837675,6.940222469119639
OMC,1999Q4,1999,Q4,0,0,0,1,1502.4,1577.1,-74.7,1345.2,1270.5,306.6,231.9,208.2,119.9,0.0,119.9,9017.6,1552.9,7461.8,1060.3,0.0,0.84564696485623,1.0497204472843449,0.1543530351437699,0.0798056443024494,0.0,0.0,0.0,0.0,0.1,0.0,0.0,0.0,0.0,0.0,0.0,0.0,0.0,0.0,0.0,0.0,0.0,0.0,0.0,0.0,0.0,0.0,0.0,0.0,0.2541948409717005,0.2701271186440677,0.2699090103873096,,0.3993610223642174,0.324386065105654,0.2996254681647941,0.6977272727272728,0.2421783339851388,0.2609673790776154,,-0.0095810527949959,0.0125292888331722,0.0559651673256542,0.0127031918422049,0.2701271186440677,Communication Services,50.0,4.0,19,7.315484488743369,1210.9,1197.9,9.107044390367236,7.348523178792688,8.917685957897843,6.967249850767777
OMC,2000Q1,2000,Q1,1,0,0,0,1379.015,1431.651,-52.636,1267.964,1215.328,216.323,163.687,252.007,143.538,0.0,143.538,8803.246,1501.064,9017.6,1552.9,0.0,0.8813015086855472,1.0381692729955805,0.1186984913144527,0.1040873377011852,0.0,0.0,0.0,0.0,0.0,0.1,0.0,0.0,0.0,0.0,0.0,0.0,0.0,0.0,0.0,0.0,0.0,0.0,0.0,0.0,0.0,0.0,0.0,0.0,0.202384689162089,1.1880792682926833,0.2011502642839164,,0.2046253139321852,0.2160995542347699,1.1706029285099055,0.169688888888889,0.2005610984885903,0.1992471389388064,,-0.001516644955592,-0.001026647203095,0.0114063869877103,0.8197830428275823,1.1880792682926833,Communication Services,50.0,1.0,20,7.229849647657394,1502.4,1146.9,9.082989384100602,7.314595441269835,9.107044390367236,7.348523178792688
OMC,2000Q2,2000,Q2,0,1,0,0,1520.245,1577.288,-57.043,1323.571,1266.528,310.76,253.717,223.643,127.387,0.0,127.387,9378.992,1383.689,8803.246,1501.064,0.0,0.8331078214366764,1.037522241480814,0.1668921785633237,0.0837937306157889,0.0,0.0,0.0,0.0,0.0,0.0,0.1,0.0,0.0,0.0,0.0,0.0,0.0,0.0,0.0,0.0,0.0,0.0,0.0,0.0,0.0,0.0,0.0,0.0,0.1966664042821158,0.189421101774043,0.1972734173371793,,0.206980257817446,0.2053064133016626,0.1914917421417155,0.2136808510638297,0.1949504670251909,0.195745776492908,,-0.0014339311697766,0.0005072533605785,0.0072200648306244,-0.0060545716685506,0.189421101774043,Communication Services,50.0,2.0,21,7.3272843575255875,1379.015,1270.4,9.146334189121442,7.2332308446701346,9.082989384100602,7.314595441269835
OMC,2000Q3,2000,Q3,0,0,1,0,1452.523,1509.861,-57.338,1327.607,1270.269,239.592,182.254,150.216,85.664,0.0,85.664,9352.515,1253.177,9378.992,1383.689,0.0,0.8745259111215451,1.0394747621896523,0.1254740888784549,0.0589760024454001,0.0,0.0,0.0,0.0,0.0,0.0,0.0,0.1,0.0,0.0,0.0,0.0,0.0,0.0,0.0,0.0,0.0,0.0,0.0,0.0,0.0,0.0,0.0,0.0,0.1995400115616481,0.2185490753911807,0.2177280425840793,,0.359772985244041,0.2381385869565218,0.2094685990338165,0.9771724137931036,0.1941985522233711,0.2149784936396082,,-0.0044529230261549,0.0151625046660617,0.0321778140144095,0.0158469610403284,0.2185490753911807,Communication Services,50.0,3.0,22,7.281745543747143,1520.245,1210.9,9.143507487465442,7.134234859557737,9.146334189121442,7.2332308446701346
OMC,2000Q4,2000,Q4,0,0,0,1,1802.447,1861.1,-58.653,1582.668,1524.015,337.085,278.432,242.07,142.206,0.0,142.206,9891.499,1548.477,9352.515,1253.177,0.0,0.8455255549816445,1.0325407626410097,0.1544744450183556,0.0788960784977311,0.0,0.0,0.0,0.0,0.0,0.0,0.0,0.0,0.1,0.0,0.0,0.0,0.0,0.0,0.0,0.0,0.0,0.0,0.0,0.0,0.0,0.0,0.0,0.0,0.1997117944621937,0.1860383653044202,0.1800773571745608,,0.0994292237442922,0.200655454937473,0.1626801152737753,-0.2148192771084337,0.1995395513577331,0.1765298840321141,,-0.0001435704018711,-0.0163659617070235,0.0007865726415587,-0.0113972615930668,0.1860383653044202,Communication Services,50.0,4.0,23,7.497455112609311,1452.523,1502.4,9.199532072172893,7.345672733619734,9.143507487465442,7.134234859557737
OMC,2001Q1,2001,Q1,1,0,0,0,1601.134,1601.134,0.0,1409.85,1409.85,251.217,191.284,170.975,95.28,0.0,95.28,9227.229,1511.689,9891.499,1548.477,0.0,0.880532172822512,1.0,0.1194678271774879,0.0595078238298605,0.0,0.0,0.0,0.0,0.0,0.0,0.0,0.0,0.0,0.1,0.0,0.0,0.0,0.0,0.0,0.0,0.0,0.0,0.0,0.0,0.0,0.0,0.0,0.0,0.1610707642774007,-0.3362036533879531,0.1183829019782054,,0.161305085450923,0.1685961621875895,-0.3215466237048971,-1.0,0.1600572026646303,0.1119006533308517,,-0.0008729542108497,-0.0367659436552624,0.0064814291615311,-0.4282895004895205,-0.3362036533879531,Communication Services,50.0,1.0,24,7.3790917695734155,1802.447,1379.015,9.130022434763804,7.321644140775997,9.199532072172893,7.345672733619734
OMC,2001Q2,2001,Q2,0,1,0,0,1746.788,1746.788,0.0,1455.682,1455.682,357.014,291.106,271.667,151.366,0.0,151.366,9825.599,1669.185,9227.229,1511.689,0.0,0.8333478361426802,1.0,0.1666521638573198,0.0866539041944414,0.0,0.0,0.0,0.0,0.0,0.0,0.0,0.0,0.0,0.0,0.1,0.0,0.0,0.0,0.0,0.0,0.0,0.0,0.0,0.0,0.0,0.0,0.0,0.0,0.1490174281119163,0.1882374182608901,0.1074629363819417,,0.1488415497490025,0.1473649775143171,0.2147350911944481,-1.0,0.1493484549887567,0.0998140636203122,,0.0002880956099893,-0.0361652405901776,-0.0014381423268006,0.0341335032780321,0.1882374182608901,Communication Services,50.0,2.0,25,7.466106267395759,1601.134,1520.245,9.19284817158703,7.420689677718436,9.130022434763804,7.321644140775997
OMC,2001Q3,2001,Q3,0,0,1,0,1571.012,1571.012,0.0,1388.802,1388.802,250.158,182.21,164.09,92.355,0.0,92.355,10361.118,1809.299,9825.599,1669.185,0.0,0.8840174358948245,1.0,0.1159825641051755,0.0587869475217248,0.0,0.0,0.0,0.0,0.0,0.0,0.0,0.0,0.0,0.0,0.0,0.1,0.0,0.0,0.0,0.0,0.0,0.0,0.0,0.0,0.0,0.0,0.0,0.0,0.0815746118994329,0.0781074897273066,0.0405010792384199,,0.044099969948913,-0.0002414213131123,0.0923603344517227,-1.0,0.0933133060792634,0.0460942131218047,,0.0108533373940937,-0.0379756812050913,-0.0756452974324739,-0.0032056245902789,0.0781074897273066,Communication Services,50.0,3.0,26,7.360111606547802,1746.788,1452.523,9.245911935072874,7.501247303987115,9.19284817158703,7.420689677718436
OMC,2001Q4,2001,Q4,0,0,0,1,1970.473,1970.473,0.0,1666.889,1666.889,367.839,303.584,248.538,164.141,0.0,164.141,10617.414,2178.419,10361.118,1809.299,0.0,0.8459334383165868,1.0,0.154066561683413,0.0833003040386749,0.0,0.0,0.0,0.0,0.0,0.0,0.0,0.0,0.0,0.0,0.0,0.0,0.0,0.0,0.0,0.0,0.0,0.0,0.0,0.0,0.0,0.0,0.0,0.0,0.0932210489406901,0.1542480626696483,0.0587679329428831,,0.0912351484047051,0.090334444316745,0.026719543933573,-1.0,0.0937484211113406,0.0532145718495604,,0.0004824021373914,-0.0315152329267637,-0.0026404583288457,0.0558231235925177,0.1542480626696483,Communication Services,50.0,4.0,27,7.586536258067929,1571.012,1802.447,9.270344942777182,7.686813606500563,9.245911935072874,7.501247303987115
OMC,2002Q1,2002,Q1,1,0,0,0,1732.426,1732.426,0.0,1503.567,1503.567,277.966,228.859,217.536,128.566,0.0,128.566,10968.837,1914.604,10617.414,2178.419,0.0,0.8678968105997025,1.0,0.1321031894002976,0.0742115391941704,0.0,0.0,0.0,0.0,0.0,0.0,0.0,0.0,0.0,0.0,0.0,0.0,0.0,0.0,0.0,0.0,0.0,0.0,0.0,0.0,0.0,0.0,0.0,0.0,0.0819993829373431,0.3493492863140217,0.0819993829373431,,0.1064776667184146,0.196435666339056,0.2723263635034363,,0.0664730290456432,0.0664730290456432,,-0.0143496883053203,0.0,0.105763723349868,0.2470887761977223,0.3493492863140217,Communication Services,50.0,1.0,28,7.457855076010853,1970.473,1601.134,9.302904694453323,7.557788256584879,9.270344942777182,7.686813606500563
OMC,2002Q2,2002,Q2,0,1,0,0,1916.569,1916.569,0.0,1586.079,1586.079,380.47,330.49,324.548,187.315,0.0,187.315,11575.553,2206.736,10968.837,1914.604,0.0,0.8275616479239725,1.0,0.1724383520760275,0.0977345454298801,0.0,0.0,0.0,0.0,0.0,0.0,0.0,0.0,0.0,0.0,0.0,0.0,0.0,0.0,0.0,0.0,0.0,0.0,0.0,0.0,0.0,0.0,0.0,0.0,0.0971961108045165,0.2374971922360369,0.0971961108045165,,0.065700504742111,0.135290924955171,0.1946537488911057,,0.0895779435343708,0.0895779435343708,,-0.0069433050255344,0.0,0.0347201505505898,0.1278723831135757,0.2374971922360369,Communication Services,50.0,2.0,29,7.558813516948618,1732.426,1746.788,9.356737038421175,7.699722835031104,9.302904694453323,7.557788256584879
OMC,2002Q3,2002,Q3,0,0,1,0,1768.459,1768.459,0.0,1557.068,1557.068,263.088,211.391,205.827,126.104,0.0,126.104,11222.307,2308.105,11575.553,2206.736,0.0,0.8804659876197299,1.0,0.11953401238027,0.0713072793884393,0.0,0.0,0.0,0.0,0.0,0.0,0.0,0.0,0.0,0.0,0.0,0.0,0.0,0.0,0.0,0.0,0.0,0.0,0.0,0.0,0.0,0.0,0.0,0.0,0.125681407907769,0.3654268853879052,0.125681407907769,,0.0516873336051617,0.1601503759398495,0.254354317752453,,0.1211590997132781,0.1211590997132781,,-0.0040173961857434,0.0,0.0306205359615432,0.2129780911330281,0.3654268853879052,Communication Services,50.0,3.0,30,7.478429129129966,1916.569,1571.012,9.325747877181911,7.744615282551843,9.356737038421175,7.699722835031104
OMC,2002Q4,2002,Q4,0,0,0,1,2118.845,2118.845,0.0,1785.47,1785.47,387.397,333.375,271.185,201.474,0.0,201.474,11819.802,2568.927,11222.307,2308.105,0.0,0.842661921943323,1.0,0.1573380780566771,0.0950867099764258,0.0,0.0,0.0,0.0,0.0,0.0,0.0,0.0,0.0,0.0,0.0,0.0,0.0,0.0,0.0,0.0,0.0,0.0,0.0,0.0,0.0,0.0,0.0,0.0,0.0752976569585068,0.2274446969373891,0.0752976569585068,,0.0531700010058748,0.0981309950458522,0.0911208748762764,,0.0711391100427203,0.0711391100427203,,-0.0038673449057341,0.0,0.0212344348930599,0.1414929522019345,0.2274446969373891,Communication Services,50.0,4.0,31,7.65909825178561,1768.459,1970.473,9.377616139758139,7.8516327728165844,9.325747877181911,7.744615282551843
OMC,2003Q1,2003,Q1,1,0,0,0,1937.245,1937.245,0.0,1713.891,1713.891,274.4,223.354,215.086,128.584,0.0,128.584,11815.114,2698.035,11819.802,2568.927,0.0,0.8847053418643487,1.0,0.1152946581356514,0.0663746712470544,0.0,0.0,0.0,0.0,0.0,0.0,0.0,0.0,0.0,0.0,0.0,0.0,0.0,0.0,0.0,0.0,0.0,0.0,0.0,0.0,0.0,0.0,0.0,0.0,0.1182266948198653,0.0001400059113607,0.1182266948198653,,-0.0128289071325271,-0.02405411192044,-0.0112625036775522,,0.1398833573761595,0.1398833573761595,,0.019366969735759,0.0,-0.1272378913859013,-0.1056017437747961,0.0001400059113607,Communication Services,50.0,1.0,32,7.569538203449152,2118.845,1732.426,9.377219472099679,7.900649580699763,9.377616139758139,7.8516327728165844
OMC,2003Q2,2003,Q2,0,1,0,0,2149.508,2149.508,0.0,1812.863,1812.863,389.562,336.645,323.693,190.747,0.0,190.747,12589.695,2985.541,11815.114,2698.035,0.0,0.8433850909138279,1.0,0.1566149090861723,0.0887398418614864,0.0,0.0,0.0,0.0,0.0,0.0,0.0,0.0,0.0,0.0,0.0,0.0,0.0,0.0,0.0,0.0,0.0,0.0,0.0,0.0,0.0,0.0,0.0,0.0,0.1215395845388294,0.0183220777834129,0.1215395845388294,,0.0238967592714274,0.0186238615389269,-0.0026344331192921,,0.1429840506052977,0.1429840506052977,,0.0191205610235203,0.0,-0.0917628984466213,-0.0920319783432868,0.0183220777834129,Communication Services,50.0,2.0,33,7.673459372281973,1937.245,1916.569,9.44071332805649,8.001871140522795,9.377219472099679,7.900649580699763
OMC,2003Q3,2003,Q3,0,0,1,0,2028.603,2028.603,0.0,1794.192,1794.192,287.113,234.411,210.779,135.269,0.0,135.269,12680.697,3117.417,12589.695,2985.541,0.0,0.8844470800841762,1.0,0.1155529199158238,0.0666808636288125,0.0,0.0,0.0,0.0,0.0,0.0,0.0,0.0,0.0,0.0,0.0,0.0,0.0,0.0,0.0,0.0,0.0,0.0,0.0,0.0,0.0,0.0,0.0,0.0,0.1471020815297385,0.0726781069593351,0.1471020815297385,,0.0913192543939669,0.1088977297992819,0.0240590398732916,,0.1522887889289357,0.1522887889289357,,0.0045215743940418,0.0,-0.0333051019134309,-0.0648799926081155,0.0726781069593351,Communication Services,50.0,3.0,34,7.615595486407748,2149.508,1768.459,9.447915051843976,8.045080780252034,9.44071332805649,8.001871140522795
OMC,2003Q4,2003,Q4,0,0,0,1,2506.048,2506.048,0.0,2135.784,2135.784,438.499,370.264,340.933,221.282,0.0,221.282,14499.456,3466.059,12680.697,3117.417,0.0,0.8522518323671375,1.0,0.1477481676328626,0.0882991866077585,0.0,0.0,0.0,0.0,0.0,0.0,0.0,0.0,0.0,0.0,0.0,0.0,0.0,0.0,0.0,0.0,0.0,0.0,0.0,0.0,0.0,0.0,0.0,0.0,0.1827424847027507,0.0983154153885861,0.1827424847027507,,0.1319111918780993,0.1106531683539557,0.2571971163596807,,0.1962026805266961,0.1962026805266961,,0.0113804957529095,0.0,-0.0609509823830439,-0.0713824610226822,0.0983154153885861,Communication Services,50.0,4.0,35,7.826861244365111,2028.603,2118.845,9.58193537619004,8.151061963134689,9.447915051843976,8.045080780252034
OMC,2004Q1,2004,Q1,1,0,0,0,2231.4,2231.4,0.0,2002.1,2002.1,306.2,229.3,218.9,135.6,0.0,135.6,14038.3,3619.7,14499.456,3466.059,0.0,0.8972394012727435,1.0,0.1027605987272564,0.0607690239311642,0.0,0.0,0.0,0.0,0.0,0.0,0.0,0.0,0.0,0.0,0.0,0.0,0.0,0.0,0.0,0.0,0.0,0.0,0.0,0.0,0.0,0.0,0.0,0.0,0.1518419198397724,0.0545635537858519,0.1518419198397724,,0.1158892128279884,0.0266214171225946,0.0177324419069582,,0.1681606356530256,0.1681606356530256,,0.0141674960184841,0.0,-0.1087132709448505,-0.084454615150187,0.0545635537858519,Communication Services,50.0,1.0,36,7.710832518914279,2506.048,1937.245,9.549615818787016,8.194422656291962,9.58193537619004,8.151061963134689
OMC,2004Q2,2004,Q2,0,1,0,0,2407.8,2407.8,0.0,2064.1,2064.1,415.0,343.7,336.4,206.1,0.0,206.1,14417.3,3650.6,14038.3,3619.7,0.0,0.8572555860121271,1.0,0.1427444139878727,0.0855968103663094,0.0,0.0,0.0,0.0,0.0,0.0,0.0,0.0,0.0,0.0,0.0,0.0,0.0,0.0,0.0,0.0,0.0,0.0,0.0,0.0,0.0,0.0,0.0,0.0,0.1201633117904192,0.0804888150272349,0.1201633117904192,,0.065298976799585,0.0209567942491348,0.0392563323890229,,0.1385857618584525,0.1385857618584525,,0.0164462180417135,0.0,-0.0885643338762068,-0.0354184933085963,0.0804888150272349,Communication Services,50.0,2.0,37,7.786883977167524,2231.4,2149.508,9.576253512072233,8.202920706690925,9.549615818787016,8.194422656291962
OMC,2004Q3,2004,Q3,0,0,1,0,2319.0,2319.0,0.0,2071.6,2071.6,317.6,247.4,238.6,145.3,0.0,145.3,14129.5,3644.9,14417.3,3650.6,0.0,0.8933160845191893,1.0,0.1066839154808107,0.0626563173781802,0.0,0.0,0.0,0.0,0.0,0.0,0.0,0.0,0.0,0.0,0.0,0.0,0.0,0.0,0.0,0.0,0.0,0.0,0.0,0.0,0.0,0.0,0.0,0.0,0.1431512227873073,0.0741559411247219,0.1431512227873073,,0.1061846729336533,0.0554112221696081,0.131991327409277,,0.1546144448308763,0.1546144448308763,,0.0100277389509488,0.0,-0.076752750527411,-0.0603553408221499,0.0741559411247219,Communication Services,50.0,3.0,38,7.749322464660356,2407.8,2028.603,9.55609086075669,8.201358527544864,9.576253512072233,8.202920706690925
OMC,2004Q4,2004,Q4,0,0,0,1,2789.1,2789.1,0.0,2394.2,2394.2,465.8,394.9,384.9,236.5,0.0,236.5,16002.4,4078.7,14129.5,3644.9,0.0,0.8584131081710946,1.0,0.1415868918289053,0.084794378114804,0.0,0.0,0.0,0.0,0.0,0.0,0.0,0.0,0.0,0.0,0.0,0.0,0.0,0.0,0.0,0.0,0.0,0.0,0.0,0.0,0.0,0.0,0.0,0.0,0.1129475572694538,0.0687719742229371,0.1129475572694538,,0.062260119179291,0.0665363092280102,0.1289608222143352,,0.1209935087068727,0.1209935087068727,,0.0072294075177803,0.0,-0.041701199430556,-0.0396924210471324,0.0687719742229371,Communication Services,50.0,4.0,39,7.933832716466998,2319.0,2506.048,9.680556478646992,8.313778735283023,9.55609086075669,8.201358527544864
OMC,2005Q1,2005,Q1,1,0,0,0,2403.0,2403.0,0.0,2145.7,2145.7,325.0,257.3,245.2,150.5,0.0,150.5,15049.5,3852.5,16002.4,4078.7,0.0,0.8929255097794423,1.0,0.1070744902205576,0.0626300457761132,0.0,0.0,0.0,0.0,0.0,0.0,0.0,0.0,0.0,0.0,0.0,0.0,0.0,0.0,0.0,0.0,0.0,0.0,0.0,0.0,0.0,0.0,0.0,0.0,0.0769023931164292,0.1098820058997049,0.0769023931164292,,0.0613977792292619,0.1221107719145224,0.1201461854728185,,0.0717246890764695,0.0717246890764695,,-0.0048079603806764,0.0,0.0419800151685665,0.0306245143423229,0.1098820058997049,Communication Services,50.0,1.0,40,7.784889295655098,2789.1,2231.4,9.619166492216525,8.256737105218049,9.680556478646992,8.313778735283023
OMC,2005Q2,2005,Q2,0,1,0,0,2615.8,2615.8,0.0,2233.8,2233.8,447.2,382.0,367.7,225.8,0.0,225.8,14714.1,3807.5,15049.5,3852.5,0.0,0.8539643703647067,1.0,0.1460356296352932,0.0863215842189769,0.0,0.0,0.0,0.0,0.0,0.0,0.0,0.0,0.0,0.0,0.0,0.0,0.0,0.0,0.0,0.0,0.0,0.0,0.0,0.0,0.0,0.0,0.0,0.0,0.0863859124512003,0.0955846676370695,0.0863859124512003,,0.0775903614457831,0.1114343904567938,0.0930439952437574,,0.0822150089627442,0.0822150089627442,,-0.0038392466623995,0.0,0.0230567036248443,0.0084672997693002,0.0955846676370695,Communication Services,50.0,2.0,41,7.869707476224174,2403.0,2407.8,9.596629456431094,8.244990689812843,9.619166492216525,8.256737105218049
OMC,2005Q3,2005,Q3,0,0,1,0,2522.9,2522.9,0.0,2248.4,2248.4,337.2,274.5,258.2,161.7,0.0,161.7,14833.5,3835.9,14714.1,3807.5,0.0,0.8911966387886956,1.0,0.1088033612113044,0.0640929089539815,0.0,0.0,0.0,0.0,0.0,0.0,0.0,0.0,0.0,0.0,0.0,0.0,0.0,0.0,0.0,0.0,0.0,0.0,0.0,0.0,0.0,0.0,0.0,0.0,0.0879258300991807,0.1128699242945627,0.0879258300991807,,0.0617128463476068,0.1095392077607113,0.0821458507963117,,0.0853446611314927,0.0853446611314927,,-0.0023725596876882,0.0,0.019866591143957,0.0229281201946534,0.1128699242945627,Communication Services,50.0,3.0,42,7.8335606032248775,2615.8,2319.0,9.604710828078733,8.252420027879706,9.596629456431094,8.244990689812843
OMC,2005Q4,2005,Q4,0,0,0,1,2939.4,2939.4,0.0,2513.3,2513.3,492.7,426.1,409.6,252.6,0.0,252.6,15919.9,3948.0,14833.5,3835.9,0.0,0.8550384432197048,1.0,0.1449615567802953,0.0859359052867932,0.0,0.0,0.0,0.0,0.0,0.0,0.0,0.0,0.0,0.0,0.0,0.0,0.0,0.0,0.0,0.0,0.0,0.0,0.0,0.0,0.0,0.0,0.0,0.0,0.0538883510809939,0.0680761099365749,0.0538883510809939,,0.0577501073422068,0.0790073436312992,0.0641725123408678,,0.0497452176092223,0.0497452176092223,,-0.0039312831074769,0.0,0.0238345860114499,0.0134622978240801,0.0680761099365749,Communication Services,50.0,4.0,43,7.986300905499933,2522.9,2789.1,9.67538799046378,8.28121766128665,9.604710828078733,8.252420027879706
OMC,2006Q1,2006,Q1,1,0,0,0,2562.9,2562.9,0.0,2278.5,2278.5,344.3,284.4,269.3,165.7,0.0,165.7,16660.8,3769.5,15919.9,3948.0,0.0,0.8890319559873581,1.0,0.1109680440126419,0.0646533224082094,0.0,0.0,0.0,0.0,0.0,0.0,0.0,0.0,0.0,0.0,0.0,0.0,0.0,0.0,0.0,0.0,0.0,0.0,0.0,0.0,0.0,0.0,0.0,0.0,0.0665418227215981,0.1009966777408637,0.0665418227215981,,0.0593846153846153,0.1053245239020597,0.0982871125611746,,0.0618912243090834,0.0618912243090834,,-0.0043604463636008,0.0,0.0363630383302702,0.0323052076207792,0.1009966777408637,Communication Services,50.0,1.0,44,7.849284815719917,2939.4,2403.0,9.720873953101872,8.234962897642701,9.67538799046378,8.28121766128665
OMC,2006Q2,2006,Q2,0,1,0,0,2823.4,2823.4,0.0,2406.0,2406.0,417.4,417.4,391.9,244.1,0.0,244.1,16453.3,3633.8,16660.8,3769.5,0.0,0.8521640575193029,1.0,0.147835942480697,0.0864560459021038,0.0,0.0,0.0,0.0,0.0,0.0,0.0,0.0,0.0,0.0,0.0,0.0,0.0,0.0,0.0,0.0,0.0,0.0,0.0,0.0,0.0,0.0,0.0,0.0,0.0793638657389708,0.0810451727192205,0.0793638657389708,,-0.0666368515205725,0.0926701570680628,0.0658145227087299,,0.0770883695944131,0.0770883695944131,,-0.0021081826219927,0.0,0.0123279014162493,0.0015576832184378,0.0810451727192205,Communication Services,50.0,2.0,45,7.946051231642191,2562.9,2615.8,9.70834212021126,8.198309367821192,9.720873953101872,8.234962897642701
OMC,2006Q3,2006,Q3,0,0,1,0,2774.3,2774.3,0.0,2466.9,2466.9,373.4,307.4,280.7,177.1,0.0,177.1,16325.9,3687.2,16453.3,3633.8,0.0,0.8891972749882853,1.0,0.1108027250117146,0.0638359225750639,0.0,0.0,0.0,0.0,0.0,0.0,0.0,0.0,0.0,0.0,0.0,0.0,0.0,0.0,0.0,0.0,0.0,0.0,0.0,0.0,0.0,0.0,0.0,0.0,0.0996472313607357,0.0952380952380953,0.0996472313607357,,0.1073546856465006,0.1198542805100182,0.087141750580945,,0.0971802170432307,0.0971802170432307,,-0.0022434597634118,0.0,0.0183759378216936,-0.0040095914370505,0.0952380952380953,Communication Services,50.0,3.0,46,7.928514128445383,2823.4,2522.9,9.700569333283497,8.212893813141019,9.70834212021126,8.198309367821192
OMC,2006Q4,2006,Q4,0,0,0,1,3216.2,3216.2,0.0,2742.0,2742.0,545.1,474.2,450.0,277.2,0.0,277.2,18164.4,3871.3,16325.9,3687.2,0.0,0.8525589204651453,1.0,0.1474410795348548,0.0861886698588396,0.0,0.0,0.0,0.0,0.0,0.0,0.0,0.0,0.0,0.0,0.0,0.0,0.0,0.0,0.0,0.0,0.0,0.0,0.0,0.0,0.0,0.0,0.0,0.0,0.0941688780023133,0.0973871733966744,0.0941688780023133,,0.1063527501522225,0.1128842994602206,0.0986328125,,0.0909959018024111,0.0909959018024111,,-0.0028998962259787,0.0,0.0171046918205872,0.0029413150557133,0.0973871733966744,Communication Services,50.0,4.0,47,8.076266695029913,2774.3,2939.4,9.807273964781698,8.261603924733942,9.700569333283497,8.212893813141019
OMC,2007Q1,2007,Q1,1,0,0,0,2840.6,2840.6,0.0,2525.1,2525.1,381.7,315.5,297.2,183.0,0.0,183.0,17144.4,3641.6,18164.4,3871.3,0.0,0.8889319157924382,1.0,0.1110680842075617,0.0644230092234035,0.0,0.0,0.0,0.0,0.0,0.0,0.0,0.0,0.0,0.0,0.0,0.0,0.0,0.0,0.0,0.0,0.0,0.0,0.0,0.0,0.0,0.0,0.0,0.0,0.108353817940614,0.1044055522027762,0.108353817940614,,0.1086261980830669,0.109353023909986,0.1036019309320459,,0.1082290980908491,0.1082290980908491,,-0.0001125271079921,0.0,0.0009015225582282,-0.0035622791873212,0.1044055522027762,Communication Services,50.0,1.0,48,7.952122552797851,3216.2,2562.9,9.749485195041903,8.200452991364443,9.807273964781698,8.261603924733942
OMC,2007Q2,2007,Q2,0,1,0,0,3126.1,3126.1,0.0,2664.5,2664.5,461.6,461.6,439.4,276.7,0.0,276.7,17362.2,3685.9,17144.4,3641.6,0.0,0.8523399763283325,1.0,0.1476600236716675,0.0885128434790953,0.0,0.0,0.0,0.0,0.0,0.0,0.0,0.0,0.0,0.0,0.0,0.0,0.0,0.0,0.0,0.0,0.0,0.0,0.0,0.0,0.0,0.0,0.0,0.0,0.1072111638450095,0.133551823023351,0.1072111638450095,,0.1058936272160997,0.1058936272160997,0.1212043888747129,,0.1074397339983375,0.1074397339983375,,0.0002064377246109,0.0,-0.0011899596679771,0.0237900953661525,0.133551823023351,Communication Services,50.0,2.0,49,8.047861336479606,2840.6,2823.4,9.762108303024558,8.212541275544657,9.749485195041903,8.200452991364443
OMC,2007Q3,2007,Q3,0,0,1,0,3101.4,3101.4,0.0,2751.2,2751.2,350.2,350.2,330.9,202.2,0.0,202.2,18133.2,3871.7,17362.2,3685.9,0.0,0.8870832527245759,1.0,0.112916747275424,0.065196362932869,0.0,0.0,0.0,0.0,0.0,0.0,0.0,0.0,0.0,0.0,0.0,0.0,0.0,0.0,0.0,0.0,0.0,0.0,0.0,0.0,0.0,0.0,0.0,0.0,0.1179036153263886,0.1417278373800112,0.1179036153263886,,-0.062131762185324,0.1392322706571243,0.1788386177413607,,0.1152458551218127,0.1152458551218127,,-0.0023774502274955,0.0,0.0190791540865611,0.0213115171352826,0.1417278373800112,Communication Services,50.0,3.0,50,8.039931284488388,3126.1,2774.3,9.805554937151468,8.261707217180774,9.762108303024558,8.212541275544657
OMC,2007Q4,2007,Q4,0,0,0,1,3625.9,3625.9,0.0,3094.1,3094.1,604.9,531.8,517.6,313.8,0.0,313.8,19271.7,4091.7,18133.2,3871.7,0.0,0.8533329656085386,1.0,0.1466670343914614,0.086544030447613,0.0,0.0,0.0,0.0,0.0,0.0,0.0,0.0,0.0,0.0,0.0,0.0,0.0,0.0,0.0,0.0,0.0,0.0,0.0,0.0,0.0,0.0,0.0,0.0,0.1273863565698652,0.1320346320346321,0.1273863565698652,,0.1097046413502109,0.1214677351328552,0.1502222222222222,,0.1284099197665937,0.1284099197665937,,0.0009079080926992,0.0,-0.0052498607975153,0.0041230545657033,0.1320346320346321,Communication Services,50.0,4.0,51,8.196133567907502,3101.4,3216.2,9.866444865760439,8.31696017793513,9.805554937151468,8.261707217180774
OMC,2008Q1,2008,Q1,1,0,0,0,3195.4,3195.4,0.0,2844.6,2844.6,422.4,350.8,339.8,208.7,0.0,208.7,18437.4,4036.9,19271.7,4091.7,0.0,0.8902171872066095,1.0,0.1097828127933905,0.0653126369155661,0.0,0.0,0.0,0.0,0.0,0.0,0.0,0.0,0.0,0.0,0.0,0.0,0.0,0.0,0.0,0.0,0.0,0.0,0.0,0.0,0.0,0.0,0.0,0.0,0.124903189467014,0.1404371584699453,0.124903189467014,,0.1066282420749278,0.1118858954041204,0.1433378196500674,,0.1265296423904003,0.1265296423904003,,0.0014458603536868,0.0,-0.0115719238640094,0.0138091607779076,0.1404371584699453,Communication Services,50.0,1.0,52,8.069780455500307,3625.9,2840.6,9.822190725450154,8.303480033831114,9.866444865760439,8.31696017793513
OMC,2008Q2,2008,Q2,0,1,0,0,3476.9,3476.9,0.0,2960.1,2960.1,588.0,516.8,498.1,307.0,0.0,307.0,18683.6,4262.0,18437.4,4036.9,0.0,0.8513618453219822,1.0,0.1486381546780177,0.0882970462193333,0.0,0.0,0.0,0.0,0.0,0.0,0.0,0.0,0.0,0.0,0.0,0.0,0.0,0.0,0.0,0.0,0.0,0.0,0.0,0.0,0.0,0.0,0.0,0.0,0.1122164997920731,0.1095048789302495,0.1122164997920731,,0.2738301559792027,0.1195840554592719,0.1335912608101959,,0.1109401388628259,0.1109401388628259,,-0.0011475831634271,0.0,0.0066242100063935,-0.0024380332986705,0.1095048789302495,Communication Services,50.0,2.0,53,8.154183942344465,3195.4,3126.1,9.835454934144279,8.35772841676521,9.822190725450154,8.303480033831114
OMC,2008Q3,2008,Q3,0,0,1,0,3316.2,3316.2,0.0,2942.8,2942.8,448.3,373.4,352.7,213.6,0.0,213.6,17339.2,3661.2,18683.6,4262.0,0.0,0.8874012423858635,1.0,0.1125987576141366,0.0644110729147819,0.0,0.0,0.0,0.0,0.0,0.0,0.0,0.0,0.0,0.0,0.0,0.0,0.0,0.0,0.0,0.0,0.0,0.0,0.0,0.0,0.0,0.0,0.0,0.0,0.0692590443025729,0.056379821958457,0.0692590443025729,,0.2801256424900058,0.0662478583666477,0.065880930794802,,0.0696423378889212,0.0696423378889212,,0.0003584665366085,0.0,-0.0028161425914235,-0.0120449973397386,0.056379821958457,Communication Services,50.0,3.0,54,8.106876332577048,3476.9,3101.4,9.760782784293392,8.205819338707613,9.835454934144279,8.35772841676521
OMC,2008Q4,2008,Q4,0,0,0,1,3371.4,3371.4,0.0,2923.0,2923.0,567.4,448.4,424.5,271.0,0.0,271.0,17318.4,3522.8,17339.2,3661.2,0.0,0.866998872871804,1.0,0.1330011271281959,0.0803820371359079,0.0,0.0,0.0,0.0,0.0,0.0,0.0,0.0,0.0,0.0,0.0,0.0,0.0,0.0,0.0,0.0,0.0,0.0,0.0,0.0,0.0,0.0,0.0,0.0,-0.0701894702005019,-0.1363926067558954,-0.0701894702005019,,-0.0619937179699123,-0.1568258743888679,-0.1798686244204018,,-0.0552987944798164,-0.0552987944798164,,0.0160147419753318,0.0,-0.0931764068181161,-0.0712006741520441,-0.1363926067558954,Communication Services,50.0,4.0,55,8.12337993604852,3316.2,3625.9,9.759582539484045,8.16729523175653,9.760782784293392,8.205819338707613
OMC,2009Q1,2009,Q1,1,0,0,0,2746.6,732.8,2013.8,450.4,450.4,343.6,282.4,261.0,164.5,0.0,164.5,15560.7,3331.3,17318.4,3522.8,0.0,0.1639845627321051,0.2668025922959295,0.1028180295638243,0.0598922303939416,0.0,0.0,0.0,0.0,0.0,0.0,0.0,0.0,0.0,0.0,0.0,0.0,0.0,0.0,0.0,0.0,0.0,0.0,0.0,0.0,0.0,0.0,0.0,0.0,-0.1404518996056832,-0.2117872544321992,-0.7706703386117544,,-0.1865530303030301,-0.1949828962371722,-0.2319011183048852,,-0.8416649089502918,-0.8416649089502918,,-0.815792634551723,-0.7331974077040705,-0.0634414718693149,-0.082991696210824,-0.2117872544321992,Communication Services,50.0,1.0,56,7.918483082339726,3371.4,3195.4,9.652568046263259,8.11141803524814,9.759582539484045,8.16729523175653
OMC,2009Q2,2009,Q2,0,1,0,0,2870.7,858.9,2011.8,2472.6,460.8,461.5,398.1,376.2,253.8,0.0,253.8,15885.4,3859.5,15560.7,3331.3,0.0,0.1605183404744487,0.2991953182150695,0.1386769777406207,0.0884104922144424,0.0,0.0,0.0,0.0,0.0,0.0,0.0,0.0,0.0,0.0,0.0,0.0,0.0,0.0,0.0,0.0,0.0,0.0,0.0,0.0,0.0,0.0,0.0,0.0,-0.1743507147171331,-0.1732899022801303,-0.7529695993557479,,-0.2151360544217687,-0.2296826625386996,-0.2447299739008231,,-0.8443295834600182,-0.1646903820816864,,-0.811456971725411,-0.7008046817849305,-0.0670162850109047,0.0012848220859775,-0.1732899022801303,Communication Services,50.0,2.0,57,7.962659467887608,2746.6,3476.9,9.67321867627933,8.25855198774887,9.652568046263259,8.11141803524814
OMC,2009Q3,2009,Q3,0,0,1,0,2837.6,787.7,2049.9,2542.8,492.9,359.8,294.8,265.9,165.6,0.0,165.6,16201.4,4034.7,15885.4,3859.5,0.0,0.1737031294051311,0.2775937411897378,0.1038906117846067,0.0583591767691006,0.0,0.0,0.0,0.0,0.0,0.0,0.0,0.0,0.0,0.0,0.0,0.0,0.0,0.0,0.0,0.0,0.0,0.0,0.0,0.0,0.0,0.0,0.0,0.0,-0.1443218141246004,-0.2247191011235955,-0.7624690911284,,-0.1974124470220833,-0.2104981253347615,-0.2461015026935072,,-0.8325064564360474,-0.1359249694168819,,-0.8042563824475684,-0.7224062588102622,-0.0773378500264788,-0.0939573876325301,-0.2247191011235955,Communication Services,50.0,3.0,58,7.951066251865157,2870.7,3316.2,9.69291465839577,8.30293504769,9.67321867627933,8.25855198774887
OMC,2009Q4,2009,Q4,0,0,0,1,3265.8,890.7,2375.1,491.1,491.1,474.2,399.6,371.0,229.5,0.0,229.5,17920.7,4194.8,16201.4,4034.7,0.0,0.1503766305346316,0.2727356237369098,0.1223589932022781,0.0702737460959029,0.0,0.0,0.0,0.0,0.0,0.0,0.0,0.0,0.0,0.0,0.0,0.0,0.0,0.0,0.0,0.0,0.0,0.0,0.0,0.0,0.0,0.0,0.0,0.0,-0.0313222993415198,-0.1531365313653137,-0.7358070831108738,,-0.164258019034191,-0.1088314005352363,-0.1260306242638398,,-0.8319876838864181,-0.8319876838864181,,-0.8265549872786667,-0.7272643762630902,-0.0800153664537006,-0.1257531085323713,-0.1531365313653137,Communication Services,50.0,4.0,59,8.091566191484121,2837.6,3371.4,9.793767548100849,8.341839303937876,9.69291465839577,8.30293504769
OMC,2010Q1,2010,Q1,1,0,0,0,2920.0,757.6,2162.4,466.6,466.6,358.7,291.0,266.9,163.4,0.0,163.4,16829.5,3921.8,17920.7,4194.8,0.0,0.1597945205479452,0.2594520547945205,0.0996575342465753,0.055958904109589,0.0,0.0,0.0,0.0,0.0,0.0,0.0,0.0,0.0,0.0,0.0,0.0,0.0,0.0,0.0,0.0,0.0,0.0,0.0,0.0,0.0,0.0,0.0,0.0,0.0631326003058327,-0.0066869300911853,0.0338427947598254,,0.0439464493597205,0.0304532577903684,0.0226053639846741,0.0737908431820439,0.035968028419183,0.035968028419183,,-0.0255514428574904,-0.02755047257283,-0.0307387267647172,-0.065673398009743,-0.0066869300911853,Communication Services,50.0,1.0,60,7.979681302387741,3265.8,2746.6,9.730947995596791,8.274560963518166,9.793767548100849,8.341839303937876
OMC,2010Q2,2010,Q2,0,1,0,0,3041.2,887.8,2153.4,472.4,472.4,482.8,415.4,391.7,243.3,0.0,243.3,16329.2,3767.3,16829.5,3921.8,0.0,0.1553334210180192,0.2919242404314086,0.1365908194133894,0.080001315270288,0.0,0.0,0.0,0.0,0.0,0.0,0.0,0.0,0.0,0.0,0.0,0.0,0.0,0.0,0.0,0.0,0.0,0.0,0.0,0.0,0.0,0.0,0.0,0.0,0.0593931793639181,-0.0413711583924349,0.0336476889044126,,0.0461538461538462,0.0434564179854306,0.0412014885699096,0.0703847300924545,0.0251736111111109,-0.8089460486936828,,-0.032301103045947,-0.0243021108319423,-0.0150432924139234,-0.0951151467832313,-0.0413711583924349,Communication Services,50.0,2.0,61,8.020336216877643,2920.0,2870.7,9.70077143328694,8.234379250361316,9.730947995596791,8.274560963518166
OMC,2010Q3,2010,Q3,0,0,1,0,2994.6,783.8,2210.8,469.7,469.7,382.8,314.1,284.3,174.6,0.0,174.6,18282.7,4117.2,16329.2,3767.3,0.0,0.15684899485741,0.2617377946971215,0.1048887998397114,0.0583049489080344,0.0,0.0,0.0,0.0,0.0,0.0,0.0,0.0,0.0,0.0,0.0,0.0,0.0,0.0,0.0,0.0,0.0,0.0,0.0,0.0,0.0,0.0,0.0,0.0,0.05532844657457,0.0543478260869565,-0.0049511235241844,,0.0639244024458032,0.0654681139755766,0.0691989469725462,0.078491633738231,-0.0470683708663014,-0.8152823658958628,,-0.09702838748755,-0.057119250688648,0.009608067927969,-0.000929208807738,0.0543478260869565,Communication Services,50.0,3.0,62,8.004899824375212,3041.2,2837.6,9.813765231528796,8.323171453674046,9.70077143328694,8.234379250361316
OMC,2010Q4,2010,Q4,0,0,0,1,3586.8,899.1,2687.7,459.5,459.5,513.7,439.6,407.5,246.5,0.0,246.5,19566.1,3580.5,18282.7,4117.2,0.0,0.1281086204973792,0.2506691201070592,0.1225604996096799,0.0687242109958737,0.0,0.0,0.0,0.0,0.0,0.0,0.0,0.0,0.0,0.0,0.0,0.0,0.0,0.0,0.0,0.0,0.0,0.0,0.0,0.0,0.0,0.0,0.0,0.0,0.0982913834282563,0.0740740740740741,0.0094307847760188,,0.0832981864192325,0.1001001001001,0.0983827493261455,0.1316155109258556,-0.0643453471798004,-0.0643453471798004,,-0.1480815866008118,-0.0809080358755652,0.0016468459091409,-0.0220499857502199,0.0740740740740741,Communication Services,50.0,4.0,63,8.18529448026499,2994.6,3265.8,9.881604863410514,8.183536986054506,9.813765231528796,8.323171453674046
OMC,2011Q1,2011,Q1,1,0,0,0,3151.3,733.0,2418.3,410.9,410.9,397.1,322.1,290.0,201.9,0.0,201.9,19168.5,3524.6,19566.1,3580.5,0.0,0.1303906324374067,0.2326024180496937,0.102211785612287,0.0640687970044108,0.0,0.0,0.0,0.0,0.0,0.0,0.0,0.0,0.0,0.0,0.0,0.0,0.0,0.0,0.0,0.0,0.0,0.0,0.0,0.0,0.0,0.0,0.0,0.0,0.0792123287671233,0.2356181150550795,-0.0324709609292502,,0.1070532478394201,0.106872852233677,0.0865492693892844,0.118340732519423,-0.1193741963137592,-0.1193741963137592,,-0.1840106156938968,-0.1034859283195541,0.0256302886181376,0.1449258705806593,0.2356181150550795,Communication Services,50.0,1.0,64,8.055887624113637,3586.8,2920.0,9.861075753279088,8.167805913527777,9.881604863410514,8.183536986054506
OMC,2011Q2,2011,Q2,0,1,0,0,3487.4,1014.6,2472.8,526.5,526.5,566.1,488.1,460.5,275.1,0.0,275.1,19156.7,3554.3,19168.5,3524.6,0.0,0.1509720708837529,0.2909330733497735,0.1399610024660205,0.078883982336411,0.0,0.0,0.0,0.0,0.0,0.0,0.0,0.0,0.0,0.0,0.0,0.0,0.0,0.0,0.0,0.0,0.0,0.0,0.0,0.0,0.0,0.0,0.0,0.0,0.1467184006313298,0.1307028360049322,0.1428249605767064,,0.1725352112676057,0.1750120365912375,0.1756446259892774,0.1483235813132721,0.1145215918712956,0.1145215918712956,,-0.0280773455299121,-0.0033952887234386,0.0246735693299509,-0.0139664320530482,0.1307028360049322,Communication Services,50.0,2.0,65,8.15719845735283,3151.3,3041.2,9.86046000256561,8.176194726862512,9.861075753279088,8.167805913527777
OMC,2011Q3,2011,Q3,0,0,1,0,3380.9,876.2,2504.7,3007.5,502.8,397.1,373.4,341.5,203.7,0.0,203.7,18936.0,3446.8,19156.7,3554.3,0.0,0.1487177970362921,0.2591617616610961,0.110443964624804,0.0602502292289035,0.0,0.0,0.0,0.0,0.0,0.0,0.0,0.0,0.0,0.0,0.0,0.0,0.0,0.0,0.0,0.0,0.0,0.0,0.0,0.0,0.0,0.0,0.0,0.0,0.128998864622988,0.1666666666666667,0.1178872161265629,,0.0373563218390804,0.1887933779051256,0.2011959198030248,0.1329383028767865,0.0704705130934639,5.403023206301895,,-0.0518409303707038,-0.0098420369095195,0.0529624210934038,0.0333638971871395,0.1666666666666667,Communication Services,50.0,3.0,66,8.126192960718596,3487.4,2994.6,9.848872959262906,8.145491625460878,9.86046000256561,8.176194726862512
OMC,2011Q4,2011,Q4,0,0,0,1,3852.9,998.1,2854.8,510.7,510.7,566.7,487.4,457.1,271.9,0.0,271.9,20505.4,3504.3,18936.0,3446.8,0.0,0.1325495081626826,0.2590516234524643,0.1265021152897817,0.0705702198344104,0.0,0.0,0.0,0.0,0.0,0.0,0.0,0.0,0.0,0.0,0.0,0.0,0.0,0.0,0.0,0.0,0.0,0.0,0.0,0.0,0.0,0.0,0.0,0.0,0.0741886918701906,0.1030425963488843,0.11011011011011,,0.1031730582051781,0.1087352138307551,0.121717791411043,0.0621721174238196,0.1114254624591948,0.1114254624591948,,0.0346650182326662,0.033440510509731,0.0321605712497476,0.0268611135986343,0.1030425963488843,Communication Services,50.0,4.0,67,8.2568409015697,3380.9,3586.8,9.928492311525694,8.162031387817315,9.848872959262906,8.145491625460878
OMC,2012Q1,2012,Q1,1,0,0,0,3307.3,872.9,2434.4,510.4,510.4,441.1,362.5,333.3,204.6,0.0,204.6,19823.5,3579.0,20505.4,3504.3,0.0,0.1543252804402382,0.2639313034801802,0.1096060230399419,0.0618631512109575,0.0,0.0,0.0,0.0,0.0,0.0,0.0,0.0,0.0,0.0,0.0,0.0,0.0,0.0,0.0,0.0,0.0,0.0,0.0,0.0,0.0,0.0,0.0,0.0,0.0495033795576429,0.013372956909361,0.1908594815825375,,0.110803324099723,0.1254268860602296,0.1493103448275863,0.0066575693669106,0.2421513750304209,0.2421513750304209,,0.1835611006359767,0.1346885629701117,0.0723423173106767,-0.0344262089594322,0.013372956909361,Communication Services,50.0,1.0,68,8.104189741269773,3852.9,3151.3,9.894673825504043,8.183118079394745,9.928492311525694,8.162031387817315
OMC,2012Q2,2012,Q2,0,1,0,0,3561.0,1019.7,2541.3,3054.6,513.3,530.4,506.4,471.5,282.7,0.0,282.7,20106.5,3269.9,19823.5,3579.0,0.0,0.1441449031171019,0.2863521482729571,0.1422072451558551,0.0793878124122437,0.0,0.0,0.0,0.0,0.0,0.0,0.0,0.0,0.0,0.0,0.0,0.0,0.0,0.0,0.0,0.0,0.0,0.0,0.0,0.0,0.0,0.0,0.0,0.0,0.0211045478006537,0.0276263177026534,0.0050266114725014,,-0.0630630630630632,0.0374923171481254,0.0238870792616721,0.0277013911355548,-0.0250712250712251,4.8017094017094015,,-0.0452213957633784,-0.0157456318873344,0.0160490611688772,0.006386975668698,0.0276263177026534,Communication Services,50.0,2.0,69,8.178077463849608,3307.3,3487.4,9.908848158778223,8.092820455380446,9.894673825504043,8.183118079394745
OMC,2012Q3,2012,Q3,0,0,1,0,3406.6,890.8,2515.8,3019.3,2992.0,414.6,387.3,347.0,203.9,0.0,203.9,20798.0,3358.6,20106.5,3269.9,0.0,0.8782950742675982,0.2614923971114894,0.1136910702753478,0.0598544002818059,0.0,0.0,0.0,0.0,0.0,0.0,0.0,0.0,0.0,0.0,0.0,0.0,0.0,0.0,0.0,0.0,0.0,0.0,0.0,0.0,0.0,0.0,0.0,0.0,0.0076015262208286,0.0009818360333824,0.0166628623601916,,0.044069503903299,0.0372254954472417,0.0161054172767203,0.0044316684632892,4.950676213206046,0.0039235245220283,,4.905783246999448,0.0089929757980309,0.0294004807014558,-0.0065697500601001,0.0009818360333824,Communication Services,50.0,3.0,70,8.133763510168686,3561.0,3380.9,9.9426601876106,8.119577198251472,9.908848158778223,8.092820455380446
OMC,2012Q4,2012,Q4,0,0,0,1,3944.6,1055.4,2889.2,507.4,507.4,629.2,548.0,507.7,307.1,0.0,307.1,22151.9,3460.8,20798.0,3358.6,0.0,0.12863154692491,0.2675556456928459,0.1389240987679359,0.0778532677584546,0.0,0.0,0.0,0.0,0.0,0.0,0.0,0.0,0.0,0.0,0.0,0.0,0.0,0.0,0.0,0.0,0.0,0.0,0.0,0.0,0.0,0.0,0.0,0.0,0.0238002543538633,0.1294593600588454,0.057409077246769,,0.1102876301394035,0.1243331965531391,0.1106978779260554,0.0120498809023397,-0.0064617192089289,-0.0064617192089289,,-0.029558474354835,0.0328275195771627,0.0981958558534679,0.1032028515871636,0.1294593600588454,Communication Services,50.0,4.0,71,8.280356312970024,3406.6,3852.9,10.005723692411186,8.149543963992299,9.9426601876106,8.119577198251472
OMC,2013Q1,2013,Q1,1,0,0,0,3398.9,865.3,2533.6,3027.2,3001.8,450.9,371.7,330.8,205.1,0.0,205.1,20908.3,3173.1,22151.9,3460.8,0.0,0.883168083791815,0.2545823648827561,0.1093589102356644,0.0603430521639353,0.0,0.0,0.0,0.0,0.0,0.0,0.0,0.0,0.0,0.0,0.0,0.0,0.0,0.0,0.0,0.0,0.0,0.0,0.0,0.0,0.0,0.0,0.0,0.0,0.0276963081667824,0.0024437927663734,-0.0087066101500744,,0.0222171843119471,0.0253793103448276,-0.0075007500750075,0.0407492605980939,4.88126959247649,4.931034482758621,,4.72276999123172,-0.0354218634703408,-0.0022545549726533,-0.0245719627478812,0.0024437927663734,Communication Services,50.0,1.0,72,8.131501298407013,3944.6,3307.3,9.947949315056961,8.062779406576189,10.005723692411186,8.149543963992299
OMC,2013Q2,2013,Q2,0,1,0,0,3637.0,1038.2,2598.8,3114.0,3088.7,602.3,523.0,482.3,289.5,0.0,289.5,20525.0,3055.7,20908.3,3173.1,0.0,0.8492438823205939,0.2854550453670608,0.1437998350288699,0.0795985702502062,0.0,0.0,0.0,0.0,0.0,0.0,0.0,0.0,0.0,0.0,0.0,0.0,0.0,0.0,0.0,0.0,0.0,0.0,0.0,0.0,0.0,0.0,0.0,0.0,0.0213423195731536,0.0240537672444287,0.0181425909581249,,0.1355580693815987,0.032780410742496,0.0229056203605515,0.0226262149293667,5.017338788233002,0.0194460813199763,,4.891598412124751,-0.0031328659879343,0.0111990768914018,0.00265478833033,0.0240537672444287,Communication Services,50.0,2.0,73,8.199189359078067,3398.9,3561.0,9.92944765420566,8.02509118164835,9.947949315056961,8.062779406576189
OMC,2013Q3,2013,Q3,0,0,1,0,3490.5,911.3,2579.2,503.8,503.8,478.5,379.4,336.6,196.0,0.0,196.0,20870.8,3340.3,20525.0,3055.7,0.0,0.144334622546913,0.2610800744878957,0.1086950293654204,0.0561524136943131,0.0,0.0,0.0,0.0,0.0,0.0,0.0,0.0,0.0,0.0,0.0,0.0,0.0,0.0,0.0,0.0,0.0,0.0,0.0,0.0,0.0,0.0,0.0,0.0,0.0246286620090412,-0.0387444825895046,0.0230130220026942,,0.1541244573082487,-0.0203976245804287,-0.0299711815561959,0.0252007313776927,-0.8316176470588235,-0.8331401318186334,,-0.8356649982726223,-0.0015768053991181,-0.0439440045539861,-0.0618498651738739,-0.0387444825895046,Communication Services,50.0,3.0,74,8.15808672228609,3637.0,3406.6,9.946154244555247,8.114115231800572,9.92944765420566,8.02509118164835
OMC,2013Q4,2013,Q4,0,0,0,1,4058.1,1045.2,3012.9,480.8,480.8,636.3,551.1,511.3,300.4,0.0,300.4,22098.7,3582.4,20870.8,3340.3,0.0,0.1184790912003154,0.2575589561617505,0.1358024691358025,0.0740247899263202,0.0,0.0,0.0,0.0,0.0,0.0,0.0,0.0,0.0,0.0,0.0,0.0,0.0,0.0,0.0,0.0,0.0,0.0,0.0,0.0,0.0,0.0,0.0,0.0,0.0287735131572275,-0.0218169977206122,-0.0096645821489482,,0.0112841703750792,0.0056569343065693,0.0070908016545203,0.042814619964004,-0.0524241229798974,-0.0524241229798974,,-0.0789266394387775,-0.0373630296800823,-0.0224700369469224,-0.0491755573319355,-0.0218169977206122,Communication Services,50.0,4.0,75,8.308716553145423,3490.5,3944.6,10.003319312753074,8.184067349365797,9.946154244555247,8.114115231800572
OMC,2014Q1,2014,Q1,1,0,0,0,3502.2,879.4,2622.8,489.7,489.7,453.6,382.7,343.7,205.5,0.0,205.5,21087.9,3718.5,22098.7,3582.4,0.0,0.1398263948375307,0.2510993090057678,0.1092741705213865,0.0586774027753983,0.0,0.0,0.0,0.0,0.0,0.0,0.0,0.0,0.0,0.0,0.0,0.0,0.0,0.0,0.0,0.0,0.0,0.0,0.0,0.0,0.0,0.0,0.0,0.0,0.0303921857071405,0.0019502681618723,0.0162949266150467,,0.0059880239520959,0.0295937584073178,0.0389963724304716,0.0352068203347017,-0.836864547937904,-0.8382333509513742,,-0.8416763497190742,-0.0136814499252232,-0.0007748770913618,-0.0276030019829284,0.0019502681618723,Communication Services,50.0,1.0,76,8.16143211548719,4058.1,3398.9,9.956502114691997,8.221344529631397,10.003319312753074,8.184067349365797
OMC,2014Q2,2014,Q2,0,1,0,0,3870.9,1076.3,2794.6,526.1,526.1,620.8,548.4,514.7,325.2,0.0,325.2,21219.4,3456.3,21087.9,3718.5,0.0,0.1359115451187062,0.2780490325247358,0.1416724792683872,0.0840114702007285,0.0,0.0,0.0,0.0,0.0,0.0,0.0,0.0,0.0,0.0,0.0,0.0,0.0,0.0,0.0,0.0,0.0,0.0,0.0,0.0,0.0,0.0,0.0,0.0,0.0643112455320318,0.1233160621761657,0.0366981313812366,,0.0307155902374232,0.048565965583174,0.0671781049139539,0.0753424657534245,-0.8296694402175673,-0.831053307642903,,-0.8399617024648769,-0.0259445855399111,-0.0147938678793035,0.0554394373749553,0.1233160621761657,Communication Services,50.0,2.0,77,8.261500621616678,3502.2,3637.0,9.96271826213169,8.148243216601893,9.956502114691997,8.221344529631397
OMC,2014Q3,2014,Q3,0,0,1,0,3749.6,936.4,2813.2,502.8,502.8,507.7,433.6,402.2,243.8,0.0,243.8,19968.6,3038.3,21219.4,3456.3,0.0,0.1340943033923618,0.2497333048858545,0.1156390014934926,0.065020268828675,0.0,0.0,0.0,0.0,0.0,0.0,0.0,0.0,0.0,0.0,0.0,0.0,0.0,0.0,0.0,0.0,0.0,0.0,0.0,0.0,0.0,0.0,0.0,0.0,0.0742300530010027,0.2438775510204083,0.0275430703390759,,0.0610240334378264,0.142857142857143,0.1948900772430182,0.0907258064516129,-0.0019849146486701,-0.0019849146486701,,-0.0709484597240194,-0.0434608792888454,0.0638849096284559,0.1579247364616853,0.2438775510204083,Communication Services,50.0,3.0,78,8.22967110616582,3870.9,3490.5,9.90196639616419,8.01938250472774,9.96271826213169,8.148243216601893
OMC,2014Q4,2014,Q4,0,0,0,1,4195.1,1075.8,3119.3,3615.7,3585.7,609.4,579.4,549.4,329.5,0.0,329.5,21559.7,2850.0,19968.6,3038.3,0.0,0.8547352864055683,0.2564420395222997,0.138113513384663,0.0785440156372911,0.0,0.0,0.0,0.0,0.0,0.0,0.0,0.0,0.0,0.0,0.0,0.0,0.0,0.0,0.0,0.0,0.0,0.0,0.0,0.0,0.0,0.0,0.0,0.0,0.0337596412114045,0.0968708388814914,0.0292766934557977,,-0.0422756561370422,0.0513518417710032,0.0745159397613923,0.0353148129708917,6.457778702163061,6.520174708818635,,6.214228922134852,-0.0043365474689583,0.0170176894688822,0.0610501659710089,0.0968708388814914,Communication Services,50.0,4.0,79,8.341910801453368,3749.6,4058.1,9.978627492028343,7.955425088912672,9.90196639616419,8.01938250472774
OMC,2015Q1,2015,Q1,1,0,0,0,3469.2,848.4,2620.8,470.7,470.7,451.9,377.7,343.5,209.1,0.0,209.1,20071.0,2389.5,21559.7,2850.0,0.0,0.1356796956070564,0.2445520581113801,0.1088723625043237,0.0602732618471117,0.0,0.0,0.0,0.0,0.0,0.0,0.0,0.0,0.0,0.0,0.0,0.0,0.0,0.0,0.0,0.0,0.0,0.0,0.0,0.0,0.0,0.0,0.0,0.0,-0.0094226486208668,0.0175182481751825,-0.0352513077098021,,-0.0037477954144621,-0.0130650640188136,-0.0005819028222286,-0.0007625438462711,-0.0387992648560343,-0.0387992648560343,,-0.0296560548192099,-0.0260743485129912,-0.0036770630712237,0.0271971661360326,0.0175182481751825,Communication Services,50.0,1.0,80,8.151967508167571,4195.1,3502.2,9.907081088046258,7.779257828066158,9.978627492028343,7.955425088912672
OMC,2015Q2,2015,Q2,0,1,0,0,3805.3,1015.6,2789.7,477.0,477.0,611.4,538.6,504.0,313.9,0.0,313.9,20775.5,2646.8,20071.0,2389.5,0.0,0.1253514834572832,0.2668909153023415,0.1415394318450582,0.08249021102147,0.0,0.0,0.0,0.0,0.0,0.0,0.0,0.0,0.0,0.0,0.0,0.0,0.0,0.0,0.0,0.0,0.0,0.0,0.0,0.0,0.0,0.0,0.0,0.0,-0.0169469632385232,-0.0347478474784748,-0.0563969153581714,,-0.0151417525773195,-0.0178701677607584,-0.0207888090149602,-0.0017533815215058,-0.0933282645884813,-0.0933282645884813,,-0.0776980473012777,-0.0401300343363061,-0.0009391197501169,-0.0181077557103063,-0.0347478474784748,Communication Services,50.0,2.0,81,8.244412867660925,3469.2,3870.9,9.941577819283262,7.881484385503557,9.907081088046258,7.779257828066158
OMC,2015Q3,2015,Q3,0,0,1,0,3706.6,874.0,2832.6,445.7,445.7,500.0,428.3,392.4,239.3,0.0,239.3,20457.3,2478.0,20775.5,2646.8,0.0,0.120244968434684,0.2357956078346733,0.1155506393999892,0.0645605136783035,0.0,0.0,0.0,0.0,0.0,0.0,0.0,0.0,0.0,0.0,0.0,0.0,0.0,0.0,0.0,0.0,0.0,0.0,0.0,0.0,0.0,0.0,0.0,0.0,-0.0114678899082568,-0.0184577522559474,-0.0666381888082016,,-0.0151664368721685,-0.0122232472324723,-0.0243659870711089,0.0068960614247119,-0.1135640413683373,-0.1135640413683373,,-0.1032805615698262,-0.0558103255693176,-0.0007641201702041,-0.0070709512380351,-0.0184577522559474,Communication Services,50.0,3.0,82,8.218140046001677,3805.3,3749.6,9.926143947099483,7.8156105320351905,9.941577819283262,7.881484385503557
OMC,2015Q4,2015,Q4,0,0,0,1,4153.3,1034.5,3118.8,459.0,459.0,647.9,575.5,538.7,331.6,0.0,331.6,22110.7,2452.4,20457.3,2478.0,0.0,0.1105145306142103,0.2490790455782149,0.1385645149640045,0.079840127127826,0.0,0.0,0.0,0.0,0.0,0.0,0.0,0.0,0.0,0.0,0.0,0.0,0.0,0.0,0.0,0.0,0.0,0.0,0.0,0.0,0.0,0.0,0.0,0.0,-0.0099640056256108,0.0063732928679818,-0.0383900353225505,,0.0631768953068592,-0.0067311011391093,-0.0194757917728429,-0.0001602923732888,-0.8719915218785732,-0.8730536272367729,,-0.8707032079148634,-0.0287121173961986,0.0032654413626085,0.0165017217418608,0.0063732928679818,Communication Services,50.0,4.0,83,8.331899221375776,3706.6,4195.1,10.003862159181583,7.805230096598652,9.926143947099483,7.8156105320351905
OMC,2016Q1,2016,Q1,1,0,0,0,3499.1,574.4,2924.7,3107.0,3078.7,466.3,392.1,352.0,218.4,0.0,218.4,21067.7,2375.5,22110.7,2452.4,0.0,0.8798548198108085,0.1641564973850418,0.112057386185019,0.0624160498413877,0.0,0.0,0.0,0.0,0.0,0.0,0.0,0.0,0.0,0.0,0.0,0.0,0.0,0.0,0.0,0.0,0.0,0.0,0.0,0.0,0.0,0.0,0.0,0.0,0.0086187017179752,0.0444763271162123,-0.3229608675153229,,0.0318654569595044,0.0381254964257347,0.024745269286754,0.1159569597069596,5.540684087529211,5.600807308264288,,5.484793585909617,-0.3287462037621554,0.0292546575405558,0.0355512200370278,0.0444763271162123,Communication Services,50.0,1.0,84,8.16054681849792,4153.3,3469.2,9.955543805796523,7.773384096054064,10.003862159181583,7.805230096598652
OMC,2016Q2,2016,Q2,0,1,0,0,3884.9,745.7,3139.2,183.9,110.9,634.8,561.8,517.0,326.1,0.0,326.1,20935.2,2281.9,21067.7,2375.5,0.0,0.0285464233313598,0.1919483126978815,0.1446111869031377,0.0839403845658832,0.0,0.0,0.0,0.0,0.0,0.0,0.0,0.0,0.0,0.0,0.0,0.0,0.0,0.0,0.0,0.0,0.0,0.0,0.0,0.0,0.0,0.0,0.0,0.0,0.0209181930465403,0.0388658808537751,-0.2657542339503741,,0.0382728164867516,0.0430746379502411,0.0257936507936507,0.1252822884181095,-0.7675052410901467,-0.6144654088050314,,-0.772268962887162,-0.2807986271078686,0.0217024684784814,0.0175799470804578,0.0388658808537751,Communication Services,50.0,2.0,85,8.26510989620432,3499.1,3805.3,9.949234997087547,7.733201843555567,9.955543805796523,7.773384096054064
OMC,2016Q3,2016,Q3,0,0,1,0,3791.1,557.2,3233.9,104.1,104.1,537.1,453.1,411.1,253.8,0.0,253.8,21401.9,2323.9,20935.2,2281.9,0.0,0.0274590488248793,0.1469758117696711,0.1195167629447917,0.0669462688929334,0.0,0.0,0.0,0.0,0.0,0.0,0.0,0.0,0.0,0.0,0.0,0.0,0.0,0.0,0.0,0.0,0.0,0.0,0.0,0.0,0.0,0.0,0.0,0.0,0.0227971726110181,0.0605933974091099,-0.3624713958810068,,0.0742,0.0579033387812282,0.0476554536187565,0.1416719621549107,-0.7664348216288983,-0.7664348216288983,,-0.7716407664924889,-0.3766812998793332,0.0343236832387696,0.0369537830277775,0.0605933974091099,Communication Services,50.0,3.0,86,8.240675234335212,3884.9,3706.6,9.971281705847439,7.75143230634378,9.949234997087547,7.733201843555567
OMC,2016Q4,2016,Q4,0,0,0,1,4241.8,722.7,3519.1,120.8,120.8,674.5,601.9,561.7,350.3,0.0,350.3,23165.4,2162.0,21401.9,2323.9,0.0,0.0284784761186288,0.1703757838653402,0.1418973077467113,0.0825828657645339,0.0,0.0,0.0,0.0,0.0,0.0,0.0,0.0,0.0,0.0,0.0,0.0,0.0,0.0,0.0,0.0,0.0,0.0,0.0,0.0,0.0,0.0,0.0,0.0,0.0213083572099295,0.0563932448733413,-0.3014016433059449,,0.0410557184750732,0.0458731537793222,0.042695377761277,0.1283506476850069,-0.7368191721132897,-0.7368191721132897,,-0.7423101201230907,-0.3159770486922015,0.0240522819538073,0.0343528841370288,0.0563932448733413,Communication Services,50.0,4.0,87,8.352978707631316,3791.1,4153.3,10.050458232027157,7.679251425953058,9.971281705847439,7.75143230634378
OMC,2017Q1,2017,Q1,1,0,0,0,3587.4,518.5,3068.9,108.6,108.6,496.5,409.9,370.3,241.8,0.0,241.8,22237.3,2134.6,23165.4,2162.0,0.0,0.0302726208396052,0.1445336455371578,0.1142610246975525,0.0674025756815521,0.0,0.0,0.0,0.0,0.0,0.0,0.0,0.0,0.0,0.0,0.0,0.0,0.0,0.0,0.0,0.0,0.0,0.0,0.0,0.0,0.0,0.0,0.0,0.0,0.0252350604441142,0.1071428571428572,-0.0973189415041781,,0.0647651726356421,0.0453965825044631,0.0519886363636363,0.0493042021403906,-0.9647253710981908,-0.9650466688123592,,-0.9655936182220214,-0.1195374667495317,0.0196652678378119,0.0798917242093357,0.1071428571428572,Communication Services,50.0,1.0,88,8.185461699685128,4241.8,3499.1,10.009571306594,7.6665029166260314,10.050458232027157,7.679251425953058
OMC,2017Q2,2017,Q2,0,1,0,0,3790.1,681.6,3108.5,110.1,110.1,647.3,571.5,521.8,328.6,0.0,328.6,22163.4,2256.1,22237.3,2134.6,0.0,0.0290493654520988,0.1798369436162634,0.1507875781641645,0.0866995593783805,0.0,0.0,0.0,0.0,0.0,0.0,0.0,0.0,0.0,0.0,0.0,0.0,0.0,0.0,0.0,0.0,0.0,0.0,0.0,0.0,0.0,0.0,0.0,0.0,-0.024402172514093,0.0076663600122661,-0.0859595011398686,,0.0196912413358538,0.0172659309362763,0.0092843326885878,-0.0097795616717634,-0.0072137060414788,-0.401305057096248,,0.0176183935514784,-0.063097033317927,0.0427103282484211,0.0328706477432398,0.0076663600122661,Communication Services,50.0,2.0,89,8.240411493432745,3587.4,3884.9,10.006242677108274,7.721836082437711,10.009571306594,7.6665029166260314
OMC,2017Q3,2017,Q3,0,0,1,0,3719.5,569.7,3149.8,99.5,99.5,545.0,470.2,418.9,263.6,0.0,263.6,22207.5,2522.5,22163.4,2256.1,0.0,0.0267509073800241,0.1531657480844199,0.1264148407043957,0.0708697405565264,0.0,0.0,0.0,0.0,0.0,0.0,0.0,0.0,0.0,0.0,0.0,0.0,0.0,0.0,0.0,0.0,0.0,0.0,0.0,0.0,0.0,0.0,0.0,0.0,-0.0188863390572656,0.0386130811662726,0.0224335965541995,,0.0147086203686463,0.0377400132421097,0.0189734857698855,-0.0260057515693126,-0.0441882804995196,-0.0441882804995196,,-0.0257890012640754,0.0421153402061098,0.0577164038720694,0.0586062782657499,0.0386130811662726,Communication Services,50.0,3.0,90,8.221613346837316,3790.1,3791.1,10.008230377462308,7.833402105780317,10.006242677108274,7.721836082437711
OMC,2017Q4,2017,Q4,0,0,0,1,4176.6,747.9,3428.6,121.5,121.5,701.5,626.4,577.3,254.4,0.0,254.4,24931.2,2615.1,22207.5,2522.5,0.0,0.0290906478954173,0.1790690992673466,0.1499784513719293,0.0609107886797873,0.0,0.0,0.0,0.0,0.0,0.0,0.0,0.0,0.0,0.0,0.0,0.0,0.0,0.0,0.0,0.0,0.0,0.0,0.0,0.0,0.0,0.0,0.0,0.0,-0.0153708331368758,-0.2737653439908649,0.0348692403486923,,0.0400296515937732,0.0407044359528161,0.0277728324728501,-0.0257168025915717,0.005794701986755,0.005794701986755,,0.0214959457183874,0.0510243604154294,0.056950647997092,-0.2624282517216041,-0.2737653439908649,Communication Services,50.0,4.0,91,8.337492197944865,3719.5,4241.8,10.123915419715916,7.8694399381461775,10.008230377462308,7.833402105780317
OMC,2018Q1,2018,Q1,1,0,0,0,3629.6,527.1,3102.5,105.4,105.4,500.6,421.7,375.6,264.1,0.0,264.1,23513.1,2626.4,24931.2,2615.1,0.0,0.0290390125633678,0.1452226140621556,0.1161836014987877,0.0727628388803174,0.0,0.0,0.0,0.0,0.0,0.0,0.0,0.0,0.0,0.0,0.0,0.0,0.0,0.0,0.0,0.0,0.0,0.0,0.0,0.0,0.0,0.0,0.0,0.0,0.0117633941015777,0.0922249793217535,0.016586306653809,,0.008257804632427,0.0287875091485727,0.0143127194166892,0.0109485483397959,-0.0294659300184161,-0.0294659300184161,,-0.0407499662078646,0.004766838354054,0.0168261820364752,0.0795260884997959,0.0922249793217535,Communication Services,50.0,1.0,92,8.197153202856331,4176.6,3587.4,10.065355520204218,7.8737500430354075,10.123915419715916,7.8694399381461775
OMC,2018Q2,2018,Q2,0,1,0,0,3859.6,699.7,3159.9,117.4,117.4,657.8,582.3,531.499999,364.2,0.0,364.2,22169.5,2321.4,23513.1,2626.4,0.0,0.0304176598611255,0.1812882163954814,0.1508705565343558,0.0943621100632189,0.0,0.0,0.0,0.0,0.0,0.0,0.0,0.0,0.0,0.0,0.0,0.0,0.0,0.0,0.0,0.0,0.0,0.0,0.0,0.0,0.0,0.0,0.0,0.0,0.0183372470383367,0.1083384053560558,0.0265551643192487,,0.0162212266337091,0.0188976377952754,0.0185894959754695,0.0165353064178863,0.0663033605812899,0.0663033605812899,,0.047102385464594,0.0080699368552141,0.0005502997740369,0.0883805031972191,0.1083384053560558,Communication Services,50.0,2.0,93,8.258577890793775,3629.6,3790.1,10.006517855355591,7.7503564127104205,10.065355520204218,7.8737500430354075
OMC,2018Q3,2018,Q3,0,0,1,0,3714.3,584.6,3129.7,111.3,111.3,574.7,473.3,446.6,298.9,0.0,298.9,22487.6,2381.7,22169.5,2321.4,0.0,0.0299652693643485,0.1573917023396064,0.1274264329752578,0.080472767412433,0.0,0.0,0.0,0.0,0.0,0.0,0.0,0.0,0.0,0.0,0.0,0.0,0.0,0.0,0.0,0.0,0.0,0.0,0.0,0.0,0.0,0.0,0.0,0.0,-0.0013980373706142,0.13391502276176,0.0261541162015095,,0.0544954128440366,0.0065929391748191,0.0661255669610887,-0.006381357546511,0.1185929648241206,0.1185929648241206,,0.1201589889517045,0.0275907264387675,0.008002163869569,0.1355024976879537,0.13391502276176,Communication Services,50.0,3.0,94,8.220214707592666,3859.6,3719.5,10.020763793126918,7.775989577440603,10.006517855355591,7.7503564127104205
OMC,2018Q4,2018,Q4,0,0,0,1,4086.7,746.2,3340.5,119.0,119.0,697.1,627.2,579.4,399.2,0.0,399.2,24617.0,2547.1,22487.6,2381.7,0.0,0.0291188489490297,0.1825923116450926,0.1534734626960628,0.0976827268945604,0.0,0.0,0.0,0.0,0.0,0.0,0.0,0.0,0.0,0.0,0.0,0.0,0.0,0.0,0.0,0.0,0.0,0.0,0.0,0.0,0.0,0.0,0.0,0.0,-0.0215246851506011,0.5691823899371069,-0.0022730311538975,,-0.0062722736992159,0.0012771392081738,0.003637623419366,-0.0256956192031733,-0.0205761316872428,-0.0205761316872428,,0.0009694199219572,0.019675155524661,0.0233034232062199,0.6037015611156489,0.5691823899371069,Communication Services,50.0,4.0,95,8.3157377436721,3714.3,4176.6,10.11123316167024,7.843103262389749,10.020763793126918,7.775989577440603
OMC,2019Q1,2019,Q1,1,0,0,0,3468.9,532.5,2936.4,103.6,103.6,501.5,428.9,382.4,263.2,0.0,263.2,25211.2,2413.3,24617.0,2547.1,0.0,0.0298653751909827,0.153506875378362,0.1236415001873792,0.0758741964311453,0.0,0.0,0.0,0.0,0.0,0.0,0.0,0.0,0.0,0.0,0.0,0.0,0.0,0.0,0.0,0.0,0.0,0.0,0.0,0.0,0.0,0.0,0.0,0.0,-0.0442748512232752,-0.003407800075729,0.0102447353443368,,0.0017978425888933,0.0170737491107422,0.0181043663471778,-0.0535374697824334,-0.0170777988614801,-0.0170777988614801,,0.0284569809600654,0.0570452568266035,0.0641906309701489,0.0427602550794585,-0.003407800075729,Communication Services,50.0,1.0,96,8.15188105408184,4086.7,3629.6,10.135083283331983,7.789164668998109,10.11123316167024,7.843103262389749
OMC,2019Q2,2019,Q2,0,1,0,0,3719.8,681.4,3038.4,107.7,107.7,644.2,573.7,524.7,370.7,0.0,370.7,25042.1,2410.2,25211.2,2413.3,0.0,0.0289531695252432,0.1831818914995429,0.1542287219742997,0.0996558954782515,0.0,0.0,0.0,0.0,0.0,0.0,0.0,0.0,0.0,0.0,0.0,0.0,0.0,0.0,0.0,0.0,0.0,0.0,0.0,0.0,0.0,0.0,0.0,0.0,-0.0362213700901646,0.0178473366282263,-0.0261540660282979,,-0.0206749771967161,-0.0147690194058044,-0.0127939774464608,-0.0384505838792367,-0.0826235093696763,-0.0826235093696763,,-0.0481460553694292,0.0104456601852738,0.0222585872093545,0.0561007528496968,0.0178473366282263,Communication Services,50.0,2.0,97,8.221693977909887,3468.9,3859.6,10.128353619468143,7.7878798278722305,10.135083283331983,7.789164668998109
OMC,2019Q3,2019,Q3,0,0,1,0,3623.8,570.5,3053.3,97.2,97.2,542.0,473.3,424.5,290.2,0.0,290.2,23653.5,2464.1,25042.1,2410.2,0.0,0.0268226723329102,0.1574314255753628,0.1306087532424526,0.0800816822120426,0.0,0.0,0.0,0.0,0.0,0.0,0.0,0.0,0.0,0.0,0.0,0.0,0.0,0.0,0.0,0.0,0.0,0.0,0.0,0.0,0.0,0.0,0.0,0.0,-0.0243652909027273,-0.0291067246570758,-0.0241190557646254,,-0.0568992517835392,0.0,-0.0494849977608599,-0.0244112854267181,-0.1266846361185983,-0.1266846361185983,,-0.1048746464858186,0.0002523845613586,0.0249737844251889,-0.0048598452987959,-0.0291067246570758,Communication Services,50.0,3.0,98,8.195554393352928,3719.8,3714.3,10.071308650661555,7.809987653605252,10.128353619468143,7.7878798278722305
OMC,2019Q4,2019,Q4,0,0,0,1,4141.2,743.9,3397.3,97.5,97.5,721.0,646.4,608.6,415.0,0.0,415.0,26783.4,2853.9,23653.5,2464.1,0.0,0.0235439003187481,0.179633922534531,0.1560900222157828,0.1002124987926205,0.0,0.0,0.0,0.0,0.0,0.0,0.0,0.0,0.0,0.0,0.0,0.0,0.0,0.0,0.0,0.0,0.0,0.0,0.0,0.0,0.0,0.0,0.0,0.0,0.0133359434262363,0.0395791583166333,-0.0030822835700885,,0.0342848945631903,0.0306122448979591,0.0503969623748705,0.0170034425984135,-0.180672268907563,-0.180672268907563,,-0.191454979557746,-0.0162021559610452,0.0170489378017215,0.0258978427249552,0.0395791583166333,Communication Services,50.0,4.0,99,8.32898232664205,3623.8,4086.7,10.195574907466815,7.956792095206974,10.071308650661555,7.809987653605252
OMC,2020Q1,2020,Q1,1,0,0,0,3406.9,507.0,2899.9,86.8,86.8,482.2,420.2,369.1,258.1,0.0,258.1,23675.9,2447.6,26783.4,2853.9,0.0,0.0254777070063694,0.1488156388505679,0.1233379318441985,0.0757580204878335,0.0,0.0,0.0,0.0,0.0,0.0,0.0,0.0,0.0,0.0,0.0,0.0,0.0,0.0,0.0,0.0,0.0,0.0,0.0,0.0,0.0,0.0,0.0,0.0,-0.0178731009830205,-0.0193768996960485,-0.047887323943662,,-0.0384845463609172,-0.0202844485894148,-0.0347803347280333,-0.0124301866230758,-0.1621621621621621,-0.1621621621621621,,-0.1469148857683889,-0.0305604326596523,-0.0024552301833987,-0.0015311653866044,-0.0193768996960485,Communication Services,50.0,1.0,100,8.133851544795695,4141.2,3468.9,10.072255168266034,7.803271711639815,10.195574907466815,7.956792095206974
OMC,2020Q2,2020,Q2,0,1,0,0,2800.7,422.5,2378.2,82.1,82.1,126.1,340.4,7.5,-24.2,0.0,-24.2,22641.1,2413.0,23675.9,2447.6,0.0,0.0293141000464169,0.1508551433570178,0.1215410433106009,-0.0086406969686149,0.0,0.0,0.0,0.0,0.0,0.0,0.0,0.0,0.0,0.0,0.0,0.0,0.0,0.0,0.0,0.0,0.0,0.0,0.0,0.0,0.0,0.0,0.0,0.0,-0.2470831765148664,-1.0652818991097923,-0.3799530378632227,,-0.8042533374728346,-0.4066585323339725,-0.9857061177815896,-0.2172854133754608,-0.2376973073351904,-0.2376973073351904,,0.012466010702524,-0.1764734924281844,-0.2119428744870607,-1.0867053266357,-1.0652818991097923,Communication Services,50.0,2.0,101,7.937981654783782,3406.9,3719.8,10.027566284199276,7.789040401657477,10.072255168266034,7.803271711639815
OMC,2020Q3,2020,Q3,0,0,1,0,3206.5,591.6,2614.9,90.2,90.2,562.0,501.4,455.8,313.3,0.0,313.3,23779.5,2638.8,22641.1,2413.0,0.0,0.0281303602058319,0.1845002338998908,0.1563698736940589,0.0977077810697021,0.0,0.0,0.0,0.0,0.0,0.0,0.0,0.0,0.0,0.0,0.0,0.0,0.0,0.0,0.0,0.0,0.0,0.0,0.0,0.0,0.0,0.0,0.0,0.0,-0.1151553617749324,0.0796002756719505,0.0369851007887818,,0.0369003690036899,0.0593703781956476,0.0737338044758539,-0.1435823535191432,-0.0720164609053497,-0.0720164609053497,,0.0487530793610457,0.1719403113171331,0.1972388512413496,0.2201015059971975,0.0796002756719505,Communication Services,50.0,3.0,102,8.07324709648979,2800.7,3623.8,10.076621196096058,7.878458435694855,10.027566284199276,7.789040401657477
OMC,2020Q4,2020,Q4,0,0,0,1,3757.0,671.3,3085.7,101.4,101.4,675.8,569.9,570.0,398.1,0.0,398.1,27647.2,3084.4,23779.5,2638.8,0.0,0.0269896193771626,0.1786797977109395,0.1516901783337769,0.1059622038860793,0.0,0.0,0.0,0.0,0.0,0.0,0.0,0.0,0.0,0.0,0.0,0.0,0.0,0.0,0.0,0.0,0.0,0.0,0.0,0.0,0.0,0.0,0.0,0.0,-0.092775041050903,-0.0407228915662649,-0.0975937626025004,,-0.0626907073509015,-0.1183477722772277,-0.0634242523825172,-0.0917198952109028,0.04,0.04,,0.1463529411764705,-0.0053114957917154,-0.0281878612069352,0.0573751294771849,-0.0407228915662649,Communication Services,50.0,4.0,103,8.231642179973411,3206.5,4141.2,10.227315905373915,8.034436587577838,10.076621196096058,7.878458435694855
OMC,2021Q1,2021,Q1,1,0,0,0,3426.9,537.0,2889.9,71.6,71.6,525.0,465.4,417.9,287.8,0.0,287.8,25614.3,3211.2,27647.2,3084.4,0.0,0.0208935189238086,0.1567013919285651,0.1358078730047564,0.0839826081881583,0.0,0.0,0.0,0.0,0.0,0.0,0.0,0.0,0.0,0.0,0.0,0.0,0.0,0.0,0.0,0.0,0.0,0.0,0.0,0.0,0.0,0.0,0.0,0.0,0.0058704394023891,0.1150716776443239,0.0591715976331361,,0.0887598506843634,0.1075678248453118,0.1322134922785152,-0.0034483947722335,-0.1751152073732719,-0.1751152073732719,,-0.1799293822405089,0.0529900831586365,0.1011038613515107,0.1085639203263728,0.1150716776443239,Communication Services,50.0,1.0,104,8.139703107763586,3757.0,3406.9,10.150945108192285,8.074711339628797,10.227315905373915,8.034436587577838
OMC,2021Q2,2021,Q2,0,1,0,0,3571.6,621.1,2950.5,103.2,103.2,628.7,517.9,494.8,348.2,0.0,348.2,25654.4,3348.8,25614.3,3211.2,0.0,0.0288946130585731,0.1738996528166648,0.1450050397580916,0.09749132041662,0.0,0.0,0.0,0.0,0.0,0.0,0.0,0.0,0.0,0.0,0.0,0.0,0.0,0.0,0.0,0.0,0.0,0.0,0.0,0.0,0.0,0.0,0.0,0.0,0.2752526154175743,-15.388429752066116,0.4700591715976332,,3.985725614591595,0.5214453584018801,64.97333333333333,0.2406441846774871,0.2570036540803899,0.2570036540803899,,-0.0143100756011457,0.1527591896890725,0.1930540976806321,-12.28280748309205,-15.388429752066116,Communication Services,50.0,2.0,105,8.181048901014783,3426.9,2800.7,10.15250935475715,8.11665592154437,10.150945108192285,8.074711339628797
OMC,2021Q3,2021,Q3,0,0,1,0,3435.0,636.6,2798.4,95.0,95.0,599.7,541.6,500.1,355.6,0.0,355.6,25580.8,3279.0,25654.4,3348.8,0.0,0.0276564774381368,0.1853275109170305,0.1576710334788937,0.1035225618631732,0.0,0.0,0.0,0.0,0.0,0.0,0.0,0.0,0.0,0.0,0.0,0.0,0.0,0.0,0.0,0.0,0.0,0.0,0.0,0.0,0.0,0.0,0.0,0.0,0.0712615000779666,0.1350143632301308,0.0760649087221094,,0.067081850533808,0.0801755085759874,0.0971917507678807,0.0701747676775401,0.0532150776053215,0.0532150776053215,,-0.0168459544857456,0.0044838805873199,0.0083210387915293,0.0595119521680975,0.1350143632301308,Communication Services,50.0,3.0,106,8.142063283104147,3571.6,3206.5,10.149636440131749,8.09559870137819,10.15250935475715,8.11665592154437
OMC,2021Q4,2021,Q4,0,0,0,1,3855.9,732.4,3123.5,109.9,109.9,683.9,622.5,583.5,416.2,0.0,416.2,28421.8,3270.2,25580.8,3279.0,0.0,0.0285017764983531,0.1899426852356129,0.1614409087372597,0.1079384838818434,0.0,0.0,0.0,0.0,0.0,0.0,0.0,0.0,0.0,0.0,0.0,0.0,0.0,0.0,0.0,0.0,0.0,0.0,0.0,0.0,0.0,0.0,0.0,0.0,0.0263241948363055,0.0454659633257974,0.0910174288693579,,0.0119857946137911,0.0922968941919635,0.0236842105263157,0.0122500567132255,0.0838264299802762,0.0838264299802762,,0.0560273600030856,0.0630339169226841,0.0642805652322953,0.0186508011657513,0.0454659633257974,Communication Services,50.0,4.0,107,8.25761903098594,3435.0,3757.0,10.254946918965588,8.092912169050432,10.149636440131749,8.09559870137819
OMC,2022Q1,2022,Q1,1,0,0,0,3410.3,563.1,2847.2,96.7,96.7,416.4,466.4,310.1,173.8,0.0,173.8,26145.7,2999.7,28421.8,3270.2,0.0,0.0283552766618772,0.1651174383485323,0.1367621616866551,0.0509632583643667,0.0,0.0,0.0,0.0,0.0,0.0,0.0,0.0,0.0,0.0,0.0,0.0,0.0,0.0,0.0,0.0,0.0,0.0,0.0,0.0,0.0,0.0,0.0,0.0,-0.0048440281303802,-0.3961084086170952,0.0486033519553072,,-0.2068571428571428,0.0021486892995272,-0.2579564489112227,-0.0147755977715492,0.3505586592178773,0.3505586592178773,,0.3571326479411614,0.0537075409247405,0.0070267552299063,-0.3931689017065722,-0.3961084086170952,Communication Services,50.0,1.0,108,8.134848729298787,3855.9,3426.9,10.171478266501126,8.006600873765592,10.254946918965588,8.092912169050432
OMC,2022Q2,2022,Q2,0,1,0,0,3567.2,652.5,2914.7,110.9,110.9,608.4,541.6,503.1,348.4,0.0,348.4,24905.5,2833.2,26145.7,2999.7,0.0,0.0310888091500336,0.1829165732226957,0.151827764072662,0.097667638483965,0.0,0.0,0.0,0.0,0.0,0.0,0.0,0.0,0.0,0.0,0.0,0.0,0.0,0.0,0.0,0.0,0.0,0.0,0.0,0.0,0.0,0.0,0.0,0.0,-0.0012319408668384,0.0005743825387707,0.050555466108517,,-0.032288850007953,0.0457617300637189,0.0167744543249797,-0.0121335366886968,0.0746124031007753,0.0746124031007753,,0.0759378949637612,0.0518512846919656,0.047051635763506,0.0018085514340306,0.0005743825387707,Communication Services,50.0,2.0,109,8.179816545940604,3410.3,3571.6,10.122884092563403,7.94951498939077,10.171478266501126,8.006600873765592
OMC,2022Q3,2022,Q3,0,0,1,0,3443.4,632.4,2811.0,86.4,86.4,622.8,546.0,518.0,364.5,0.0,364.5,24132.2,2746.7,24905.5,2833.2,0.0,0.0250914793518034,0.1836556891444502,0.1585642097926468,0.1058546785154208,0.0,0.0,0.0,0.0,0.0,0.0,0.0,0.0,0.0,0.0,0.0,0.0,0.0,0.0,0.0,0.0,0.0,0.0,0.0,0.0,0.0,0.0,0.0,0.0,0.0024454148471615,0.0250281214848142,-0.0065975494816211,,0.0385192596298147,0.0081240768094534,0.0357928414317136,0.0045025728987992,-0.0905263157894736,-0.0905263157894736,,-0.0927449308058436,-0.0090209044750446,0.0056648091538806,0.0225276172679145,0.0250281214848142,Communication Services,50.0,3.0,110,8.14450500282201,3567.2,3435.0,10.091343764828558,7.9185194770770515,10.122884092563403,7.94951498939077
OMC,2022Q4,2022,Q4,0,0,0,1,3868.2,727.2,3141.0,84.5,84.5,725.8,642.7,619.4,412.7,0.0,412.7,27002.5,3252.1,24132.2,2746.7,0.0,0.0218447856884339,0.1879944160074453,0.1661496303190114,0.1066904503386588,0.0,0.0,0.0,0.0,0.0,0.0,0.0,0.0,0.0,0.0,0.0,0.0,0.0,0.0,0.0,0.0,0.0,0.0,0.0,0.0,0.0,0.0,0.0,0.0,0.003189916750953,-0.0084094185487746,-0.0070999453850354,,0.061266266998099,0.0324497991967871,0.0615252784918594,0.0056026892908596,-0.2311191992720656,-0.2311191992720656,,-0.2335640660961577,-0.0102571427046579,0.0291668426459057,-0.0115624520402822,-0.0084094185487746,Communication Services,50.0,4.0,111,8.260803046308391,3443.4,3855.9,10.203721766214901,8.087363666855456,10.091343764828558,7.9185194770770515
OMC,2023Q1,2023,Q1,1,0,0,0,3443.3,554.9,2888.4,89.2,89.2,436.0,465.7,327.3,227.5,0.0,227.5,25237.6,3116.6,27002.5,3252.1,0.0,0.0259053814654546,0.161153544564807,0.1352481630993523,0.0660703394998983,0.0,0.0,0.0,0.0,0.0,0.0,0.0,0.0,0.0,0.0,0.0,0.0,0.0,0.0,0.0,0.0,0.0,0.0,0.0,0.0,0.0,0.0,0.0,0.0,0.009676568043867,0.3089758342922899,-0.0145622447167466,,0.0470701248799232,-0.001500857632933,0.055465978716543,0.0144703568418096,-0.077559462254395,-0.077559462254395,,-0.0863999750605997,-0.0240065121126596,-0.0110703031352455,0.2964308331214231,0.3089758342922899,Communication Services,50.0,1.0,112,8.144475969767877,3868.2,3410.3,10.136129847604884,8.044818754024499,10.203721766214901,8.087363666855456
OMC,2023Q2,2023,Q2,0,1,0,0,3609.9,722.1,2887.8,99.1,99.1,631.9,623.0,524.399999,366.3,0.0,366.3,25067.6,3153.5,25237.6,3116.6,0.0,0.0274522839967866,0.2000332419180586,0.172580957921272,0.1014709548740962,0.0,0.0,0.0,0.0,0.0,0.0,0.0,0.0,0.0,0.0,0.0,0.0,0.0,0.0,0.0,0.0,0.0,0.0,0.0,0.0,0.0,0.0,0.0,0.0,0.0119701726844585,0.0513777267508612,0.1066666666666666,,0.0386259040105194,0.1502954209748892,0.0423375054661099,-0.0092290801797781,-0.1064021641118125,-0.1064021641118125,,-0.1169721598436682,0.0935763686898065,0.1366890566779204,0.0389414185616421,0.0513777267508612,Communication Services,50.0,2.0,113,8.191712327734205,3443.3,3567.2,10.12937134595521,8.056585283810865,10.136129847604884,8.044818754024499
OMC,2023Q3,2023,Q3,0,0,1,0,3578.1,650.6,2927.5,89.8,89.8,628.4,560.8,524.4,371.9,0.0,371.9,25010.8,3228.8,25067.6,3153.5,0.0,0.0250971185824879,0.1818283446521897,0.1567312260697018,0.1039378441072077,0.0,0.0,0.0,0.0,0.0,0.0,0.0,0.0,0.0,0.0,0.0,0.0,0.0,0.0,0.0,0.0,0.0,0.0,0.0,0.0,0.0,0.0,0.0,0.0,0.039118313294999,0.020301783264746,0.0287792536369386,,0.0089916506101477,0.027106227106227,0.0123552123552124,0.0414443258626824,0.0393518518518518,0.0393518518518518,,0.0002247468395704,-0.0099498387486557,-0.0115598830615178,-0.0181081690020326,0.020301783264746,Communication Services,50.0,3.0,114,8.182866651141266,3609.9,3443.4,10.127102992493377,8.080175494794966,10.12937134595521,8.056585283810865
OMC,2023Q4,2023,Q4,0,0,0,1,4060.9,762.3,3298.6,101.1,101.1,726.2,661.2,622.0,337.6,0.0,337.6,28044.6,3616.3,25010.8,3228.8,0.0,0.0248959590238617,0.1877170085449038,0.1628210495210421,0.0831342805781969,0.0,0.0,0.0,0.0,0.0,0.0,0.0,0.0,0.0,0.0,0.0,0.0,0.0,0.0,0.0,0.0,0.0,0.0,0.0,0.0,0.0,0.0,0.0,0.0,0.0498164520965824,-0.181972377029319,0.0482673267326732,,0.0005511160099203,0.0287848140656605,0.0041976105908945,0.0501751034702324,0.1964497041420116,0.1964497041420116,,0.1396751324982466,-0.001475615438123,-0.020033633487949,-0.2207898615638928,-0.181972377029319,Communication Services,50.0,4.0,115,8.309406123422718,3578.1,3868.2,10.241587035901498,8.193483170176991,10.127102992493377,8.080175494794966
OMC,2024Q1,2024,Q1,1,0,0,0,3630.5,564.2,3066.3,85.3,85.3,565.5,478.9,453.0,318.6,0.0,318.6,27275.6,3569.5,28044.6,3616.3,0.0,0.0234953863104255,0.15540559151632,0.1319102052058945,0.0877565073681311,0.0,0.0,0.0,0.0,0.0,0.0,0.0,0.0,0.0,0.0,0.0,0.0,0.0,0.0,0.0,0.0,0.0,0.0,0.0,0.0,0.0,0.0,0.0,0.0,0.0543664507884877,0.4004395604395605,0.0167597765363129,,0.2970183486238531,0.0283444277431823,0.384051329055912,0.0615911923556293,-0.0437219730941704,-0.0437219730941704,,-0.0930306762030456,-0.0356675558332221,-0.0246802456829363,0.3282284915194984,0.4004395604395605,Communication Services,50.0,1.0,116,8.197401065046224,4060.9,3443.3,10.213784470758922,8.180460920989164,10.241587035901498,8.193483170176991
OMC,2024Q2,2024,Q2,0,1,0,0,3853.8,679.1,3174.7,111.0,111.0,591.7,568.1,471.9,328.1,0.0,328.1,27324.2,3635.8,27275.6,3569.5,0.0,0.0288027401525766,0.1762156832217551,0.1474129430691784,0.0851367481446883,0.0,0.0,0.0,0.0,0.0,0.0,0.0,0.0,0.0,0.0,0.0,0.0,0.0,0.0,0.0,0.0,0.0,0.0,0.0,0.0,0.0,0.0,0.0,0.0,0.0675641984542507,-0.1042861042861043,-0.0595485389835203,,-0.0636176610223135,-0.0881219903691813,-0.1001144147599435,0.0993489853867994,0.1200807265388497,0.1200807265388497,,0.0491928524398239,-0.1190680032374824,-0.1458330928002772,-0.1609742093161057,-0.1042861042861043,Communication Services,50.0,2.0,117,8.257074403977132,3630.5,3609.9,10.21556463232262,8.19885945309828,10.213784470758922,8.180460920989164
OMC,2024Q3,2024,Q3,0,0,1,0,3882.6,699.6,3183.0,99.5,99.5,687.5,600.1,560.1,385.9,0.0,385.9,28796.6,3951.3,27324.2,3635.8,0.0,0.0256271570597022,0.1801885334569618,0.1545613763972596,0.0993921598928553,0.0,0.0,0.0,0.0,0.0,0.0,0.0,0.0,0.0,0.0,0.0,0.0,0.0,0.0,0.0,0.0,0.0,0.0,0.0,0.0,0.0,0.0,0.0,0.0,0.0851010312735809,0.0376445280989512,0.0753150937596065,,0.0940483768300446,0.0700784593437946,0.0680778032036615,0.0872758326216909,0.1080178173719377,0.1080178173719377,,0.0211194952708313,-0.0090184574817782,-0.0138443992741895,-0.0437346401919184,0.0376445280989512,Communication Services,50.0,3.0,118,8.26451783749599,3853.8,3578.1,10.26804732931829,8.282052966917844,10.21556463232262,8.19885945309828
OMC,2024Q4,2024,Q4,0,0,0,1,4322.2,797.6,3524.6,97.7,97.7,772.5,699.9,649.5,448.0,0.0,448.0,29620.7,4193.5,28796.6,3951.3,0.0,0.0226042293276572,0.1845356531396048,0.1619314238119476,0.1036509185137198,0.0,0.0,0.0,0.0,0.0,0.0,0.0,0.0,0.0,0.0,0.0,0.0,0.0,0.0,0.0,0.0,0.0,0.0,0.0,0.0,0.0,0.0,0.0,0.0,0.0643453421655297,0.3270142180094786,0.0463072281254099,,0.0637565408978242,0.0585299455535388,0.0442122186495177,0.0685139149942399,-0.0336300692383777,-0.0336300692383777,,-0.0920522761950228,-0.016947614017288,-0.0054638249274985,0.2467891439347305,0.3270142180094786,Communication Services,50.0,4.0,119,8.37175114776588,3882.6,4060.9,10.296262479827774,8.34152942228635,10.26804732931829,8.282052966917844
OMC,2025Q1,2025,Q1,1,0,0,0,3690.4,570.5,3119.9,117.9,117.9,541.3,452.6,424.1,287.7,0.0,287.7,28113.7,4373.2,29620.7,4193.5,0.0,0.031947756340776,0.1545902883156297,0.1226425319748536,0.0779590288315629,0.0,0.0,0.0,0.0,0.0,0.0,0.0,0.0,0.0,0.0,0.0,0.0,0.0,0.0,0.0,0.0,0.0,0.0,0.0,0.0,0.0,0.0,0.0,0.0,0.0164991048065004,-0.0969868173258005,0.0111662531017369,,-0.0427939876215739,-0.054917519315097,-0.0637969094922736,0.017480350911522,0.3821805392731536,0.3821805392731536,,0.3597459483609322,-0.0052462925737438,-0.0702574392676835,-0.1116438977621175,-0.0969868173258005,Communication Services,50.0,1.0,120,8.213761068873191,4322.2,3630.5,10.244047850208764,8.383478924928452,10.296262479827774,8.34152942228635
OMC,2025Q2,2025,Q2,0,1,0,0,4015.6,698.4,3317.2,170.4,170.4,519.8,528.0,398.3,257.6,0.0,257.6,28788.6,4486.8,28113.7,4373.2,0.0,0.0424345054288275,0.1739217053491383,0.1314871999203108,0.064149815718697,0.0,0.0,0.0,0.0,0.0,0.0,0.0,0.0,0.0,0.0,0.0,0.0,0.0,0.0,0.0,0.0,0.0,0.0,0.0,0.0,0.0,0.0,0.0,0.0,0.041984534744927,-0.2148735141725083,0.0284199676041818,,-0.121514280885584,-0.0705861644076747,-0.1559652468743377,0.0448861309730053,0.5351351351351352,0.5351351351351352,,0.4732801533478892,-0.013018011965087,-0.108034903973079,-0.2465085040636548,-0.2148735141725083,Communication Services,50.0,2.0,121,8.298191052602577,3690.4,3853.8,10.267769489796608,8.409117882929703,10.244047850208764,8.383478924928452
OMC,2025Q3,2025,Q3,0,0,1,0,4037.1,732.2,3304.9,163.5,163.5,608.0,568.7,492.7,341.3,0.0,341.3,28838.6,4613.3,28788.6,4486.8,0.0,0.0404993683584751,0.1813678135295137,0.1408684451710386,0.0845408833073245,0.0,0.0,0.0,0.0,0.0,0.0,0.0,0.0,0.0,0.0,0.0,0.0,0.0,0.0,0.0,0.0,0.0,0.0,0.0,0.0,0.0,0.0,0.0,0.0,0.0397929222685828,-0.1155739828971235,0.0465980560320182,,-0.1156363636363636,-0.0523246125645725,-0.1203356543474379,0.0382972038956959,0.64321608040201,0.64321608040201,,0.5803301265187497,0.006544700985835,-0.0885921925994425,-0.1494210066623001,-0.1155739828971235,Communication Services,50.0,3.0,122,8.30352956330116,4015.6,3882.6,10.269504721677182,8.436915456125874,10.267769489796608,8.409117882929703
