Ticker,Sector,ADF Statistic,ADF p-value,ADF Lags Used,ADF Observations Used,ADF CV 1%,ADF CV 5%,ADF CV 10%,KPSS Statistic,KPSS p-value,KPSS Lags Used,KPSS CV 10%,KPSS CV 5%,KPSS CV 2.5%,KPSS CV 1%,Val RMSE,Val MAE,Val MAPE (%),Val sMAPE (%),Val Accuracy (%),RMSE,MAE,MAPE (%),sMAPE (%),Accuracy (%),Train N,Val N,Test N
AAPL,Information Technology,1.1744354155964434,0.9958044082410052,6,113,-3.489589552580676,-2.887477210140433,-2.580604145195395,1.6590401884757853,0.01,6,0.347,0.463,0.574,0.739,15427.898309314687,10838.700853613853,15.0383,16.9024,84.9617,36377.7209094896,33843.75054112214,33.6411,41.0191,66.3589,84,17,19
ABT,Healthcare,-1.3000699241079818,0.6291403227093825,4,117,-3.487517288664615,-2.8865777180380032,-2.5801239192052012,1.340482256527012,0.01,6,0.347,0.463,0.574,0.739,2462.1338441646067,2215.6944902236887,29.0363,35.1291,70.9637,1876.3239838377501,1793.6187752705898,16.737,18.3814,83.263,85,18,19
ADM,Consumer Staples,-1.513447194747873,0.5268490265733493,4,116,-3.4880216384691867,-2.8867966864160075,-2.5802408234244947,1.489194080887477,0.01,6,0.347,0.463,0.574,0.739,1698.6716898371747,1571.0016693981913,9.8006,10.384,90.1994,7710.664107189027,7347.253649358748,32.0586,38.6048,67.9414,84,18,19
ADP,Industrials,1.757424566795301,0.9982607298389934,12,109,-3.49181775886872,-2.8884437992971588,-2.5811201893779985,1.7331486323464873,0.01,6,0.347,0.463,0.574,0.739,535.3015455415122,475.63053906401547,13.6279,14.8643,86.3721,913.8609100607202,783.5672319348397,16.4604,18.4301,83.5396,85,18,19
ADSK,Information Technology,1.9849888955612216,0.9986531255202751,13,109,-3.49181775886872,-2.8884437992971588,-2.5811201893779985,1.5391480105129396,0.01,6,0.347,0.463,0.574,0.739,153.1048080563163,138.51779747406448,21.647,21.1699,78.353,261.3241581252148,235.12511197219493,17.2643,19.1476,82.7357,85,18,19
AEE,Utilities,-1.3265766684600506,0.616927464874951,7,103,-3.4954932834550623,-2.8900369024285117,-2.5819706975209726,0.9327381907056318,0.01,5,0.347,0.463,0.574,0.739,130.74314533804835,97.63367845785307,6.0242,6.3138,93.9758,442.1629295693798,379.15589267407654,19.248,21.9414,80.752,74,18,19
AEP,Utilities,-4.001501560434186,0.0014026690192578092,0,121,-3.485585145896754,-2.885738566292665,-2.5796759080663887,0.11083591543563516,0.1,5,0.347,0.463,0.574,0.739,305.4977435167535,250.0718508419565,6.4268,6.3352,93.5732,968.7715466892811,847.4512066229432,17.0854,19.0589,82.9146,85,18,19
AIG,Financial ,-2.635756316928787,0.0858300231814807,2,119,-3.4865346059036564,-2.8861509858476264,-2.579896092790057,0.3209076389299198,0.1,5,0.347,0.463,0.574,0.739,2303.5446522282987,2031.6679056491485,17.3303,15.8005,82.6697,3420.9679059968184,2926.495258527028,35.368,28.1809,64.632,85,18,19
ALL,Financial ,2.5909636493115666,0.9990734290411671,4,117,-3.487517288664615,-2.8865777180380032,-2.5801239192052012,1.4506555451994387,0.01,6,0.347,0.463,0.574,0.739,1448.4717431118913,1274.0467657190738,12.1842,13.1831,87.8158,3943.8634226579707,3604.125478317366,24.5754,28.5333,75.4246,85,18,19
AMAT,Information Technology,0.7388640446327687,0.9905823958150047,5,117,-3.487517288664615,-2.8865777180380032,-2.5801239192052012,1.4650596778627334,0.01,6,0.347,0.463,0.574,0.739,1622.686183080271,1534.3958660602552,39.5411,50.1569,60.4589,2371.733834504505,2247.3118929900156,34.1673,42.0219,65.8327,85,18,19
AMD,Information Technology,2.4317155525803327,0.9990244621701186,8,113,-3.489589552580676,-2.887477210140433,-2.580604145195395,1.0726839272994626,0.01,6,0.347,0.463,0.574,0.739,794.9531872441977,675.8127193808463,39.3549,51.0461,60.6451,3301.1086763434096,3048.9898945235363,51.5256,71.2187,48.4744,85,18,19
AMGN,Healthcare,0.6154492963114956,0.9879903016429434,8,113,-3.489589552580676,-2.887477210140433,-2.580604145195395,1.8115253543593226,0.01,6,0.347,0.463,0.574,0.739,613.4324653150007,537.241949907568,9.0971,8.5928,90.9029,638.242803866927,541.8041233269616,7.3653,7.3283,92.6347,85,18,19
APD,Materials,-1.5142869989693455,0.5264322985704262,4,117,-3.487517288664615,-2.8865777180380032,-2.5801239192052012,1.4415846216642978,0.01,6,0.347,0.463,0.574,0.739,387.45772960529763,359.62638959787773,16.108,17.7326,83.892,773.4684543586494,727.7596850760144,23.8178,27.4046,76.1822,85,18,19
AVY,Industrials,-0.4146611269944777,0.9076219650933162,9,113,-3.489589552580676,-2.887477210140433,-2.580604145195395,1.666025572016704,0.01,6,0.347,0.463,0.574,0.739,220.96358736152533,195.06510684225654,11.1961,12.0458,88.8039,444.7012896641489,432.06335225087395,19.8767,22.1738,80.1233,85,18,19
AXP,Financial ,2.425159599415109,0.9990216623440418,9,113,-3.489589552580676,-2.887477210140433,-2.580604145195395,1.5095202314562093,0.01,6,0.347,0.463,0.574,0.739,1921.8633243897964,1619.9006034854149,14.9368,16.534,85.0632,7429.310830214403,6648.24783628943,40.4649,52.7124,59.5351,85,18,19
BA,Industrials,-2.62563357657904,0.08781420846193316,4,117,-3.487517288664615,-2.8865777180380032,-2.5801239192052012,1.1391196550645601,0.01,6,0.347,0.463,0.574,0.739,4473.706661444153,3358.0997764777,19.63,16.5578,80.37,5438.370001513383,4745.174533184101,25.794,30.5734,74.206,85,18,19
BAC,Financial ,-1.1829793541423734,0.6808743765157538,4,118,-3.4870216863700767,-2.8863625166643136,-2.580009026141913,1.2374302064677174,0.01,6,0.347,0.463,0.574,0.739,3545.830329472453,3018.139167661247,11.1504,12.0159,88.8496,19247.91838203033,15945.57362070252,38.1336,50.8533,61.8664,85,18,19
BAX,Healthcare,-1.6765324967022373,0.44324238645223507,7,114,-3.489057523907491,-2.887246327182993,-2.5804808802708528,1.1563181086968144,0.01,6,0.347,0.463,0.574,0.739,297.8298070150999,251.87525395776368,8.987,9.5783,91.013,498.1484042178027,425.69990112605194,12.7533,13.4415,87.2467,85,18,19
BBWI,Consumer Discretionary,-1.7865244300035015,0.3871721647761013,11,111,-3.490683082754047,-2.8879516565798817,-2.5808574442009578,0.47032240969941397,0.048350808626258124,3,0.347,0.463,0.574,0.739,1013.3037164567362,750.6557901192742,21.6901,25.1075,78.3099,1077.0318515066645,971.7371136807309,56.9353,42.4349,43.0647,85,18,19
BDX,Healthcare,1.061859950850571,0.9948776006266833,11,110,-3.4912451337340342,-2.8881954545454547,-2.5809876033057852,1.6957616015669645,0.01,6,0.347,0.463,0.574,0.739,948.7082626788957,763.1555158588542,17.9839,20.7122,82.0161,703.9189265972801,635.2797652556459,12.7328,11.9052,87.2672,85,18,19
BEN,Financial ,-1.6573993424624416,0.45318436329575346,1,120,-3.486055829282407,-2.8859430324074076,-2.5797850694444446,1.5701820443993493,0.01,6,0.347,0.463,0.574,0.739,122.33171688198752,100.36017712855296,6.9872,6.7994,93.0128,239.06817044842563,210.81640004563155,9.9454,10.6141,90.0546,85,18,19
BK,Financial ,0.1079956203230615,0.9666027713518262,1,121,-3.485585145896754,-2.885738566292665,-2.5796759080663887,1.4429602657034122,0.01,6,0.347,0.463,0.574,0.739,341.4058901788927,256.4633784765588,6.3014,6.6424,93.6986,3412.258659244165,2061.576124121077,22.7979,31.4039,77.2021,85,18,19
BLL,Consumer Discretionary,-0.7364240796561519,0.8370879903019197,7,104,-3.4948504603223145,-2.889758398668639,-2.5818220155325444,1.6161455828848785,0.01,6,0.347,0.463,0.574,0.739,921.918686601268,891.7532613061635,31.5135,37.8309,68.4865,891.996643094561,652.0677991933463,40.4375,25.2658,59.5625,85,18,9
BMY,Healthcare,0.16905929494082822,0.970471844270416,1,120,-3.486055829282407,-2.8859430324074076,-2.5797850694444446,1.0611180521010213,0.01,6,0.347,0.463,0.574,0.739,2933.9253704153634,2204.955249271932,29.6429,36.9793,70.3571,1148.7577781390858,1069.8199522497093,9.1063,9.6021,90.8937,85,18,19
BSX,Healthcare,2.3942604307642945,0.9990075829303726,1,120,-3.486055829282407,-2.8859430324074076,-2.5797850694444446,1.633494741570166,0.01,6,0.347,0.463,0.574,0.739,361.54071964939243,321.8912282227128,12.8976,13.9064,87.1024,822.9074858050603,646.8497954181108,16.2471,18.3586,83.7529,85,18,19
C,Financial ,-2.5377407117778623,0.10655950531464314,4,118,-3.4870216863700767,-2.8863625166643136,-2.580009026141913,0.44488129653375236,0.05780978597683089,6,0.347,0.463,0.574,0.739,3278.6953783026747,2713.805702720689,10.9905,11.8901,89.0095,14973.48581251043,11894.496587484953,31.024,39.7408,68.976,85,18,19
CAG,Consumer Staples,-1.7571185192923773,0.40194921799965566,4,118,-3.4870216863700767,-2.8863625166643136,-2.580009026141913,1.2461440086726747,0.01,6,0.347,0.463,0.574,0.739,438.5364735630234,384.6294741744907,17.6247,16.4424,82.3753,191.35885650701235,153.24711165169228,5.0636,5.2248,94.9364,85,18,19
CAT,Industrials,-0.7298250180679842,0.8388722134960034,10,111,-3.490683082754047,-2.8879516565798817,-2.5808574442009578,1.470711174815494,0.01,6,0.347,0.463,0.574,0.739,2675.074435306132,2134.3970270610457,16.3393,18.6025,83.6607,4446.908687408409,4080.3009976514622,26.1388,30.7313,73.8612,85,18,19
CI,Healthcare,1.6711850874118725,0.998056172463197,0,120,-3.486055829282407,-2.8859430324074076,-2.5797850694444446,1.2373349990405709,0.01,6,0.347,0.463,0.574,0.739,18560.137036190263,12549.209752810453,38.455,57.6431,61.545,15677.519809742562,12907.916546938664,23.1785,27.3381,76.8215,84,18,19
CL,Consumer Staples,-0.8363642291536398,0.8082063401510128,12,109,-3.49181775886872,-2.8884437992971588,-2.5811201893779985,1.6561838836270972,0.01,6,0.347,0.463,0.574,0.739,200.5686377550085,172.09172952138206,4.3407,4.4696,95.6593,586.2960367553859,520.3453652692934,10.7579,11.5233,89.2421,85,18,19
CLX,Consumer Staples,-1.8919851761568698,0.33584087979405186,12,109,-3.49181775886872,-2.8884437992971588,-2.5811201893779985,1.73603108543573,0.01,6,0.347,0.463,0.574,0.739,205.29369717904228,152.19092497245177,8.9333,9.6377,91.0667,200.24388381217346,165.61428727295356,9.6697,9.0278,90.3303,85,18,19
CMA,Financial ,-3.7674955894663507,0.0032579456118786753,7,115,-3.4885349695076844,-2.887019521656941,-2.5803597920604915,0.1927421513517469,0.1,6,0.347,0.463,0.574,0.739,169.44959389474033,147.0158802852217,16.5111,18.4486,83.4889,421.539308136084,360.00214983197753,30.6495,38.0346,69.3505,85,18,19
CMI,Industrials,1.8691366309287503,0.9984767154985242,11,110,-3.4912451337340342,-2.8881954545454547,-2.5809876033057852,1.712792353177336,0.01,6,0.347,0.463,0.574,0.739,861.7237368523685,720.8140193467101,13.2471,13.9903,86.7529,2723.353914753295,2478.750895304546,31.3132,38.1154,68.6868,85,18,19
CNP,Utilities,-3.4000108767520283,0.010958500826350772,1,121,-3.485585145896754,-2.885738566292665,-2.5796759080663887,0.24045065437840105,0.1,5,0.347,0.463,0.574,0.739,678.8043607037818,521.7817783438375,20.6552,24.2697,79.3448,849.5520050452736,762.6381646689507,33.0809,40.7444,66.9191,85,18,19
COP,Energy,-1.6627866788241734,0.45038062694630127,2,119,-3.4865346059036564,-2.8861509858476264,-2.579896092790057,0.31312650941604686,0.1,6,0.347,0.463,0.574,0.739,2475.060260888102,2185.640293229856,30.8262,33.7388,69.1738,10813.217321069946,10151.037146435128,68.1869,105.9258,31.8131,85,18,19
COST,Consumer Staples,2.300501951428973,0.9989555014511324,12,110,-3.4912451337340342,-2.8881954545454547,-2.5809876033057852,1.700238646126158,0.01,6,0.347,0.463,0.574,0.739,10366.226934753598,8688.63428862429,22.2039,25.8412,77.7961,17219.57248579201,14956.061400043123,24.095,28.2073,75.905,85,18,19
CPB,Consumer Staples,0.4994724680265557,0.9848570535746435,12,110,-3.4912451337340342,-2.8881954545454547,-2.5809876033057852,2.1177969805885897,0.01,3,0.347,0.463,0.574,0.739,254.46635352545331,156.6759667323255,10.1097,8.8347,89.8903,261.6897325991511,214.04896192478782,9.4232,8.9041,90.5768,85,18,19
CSCO,Information Technology,-1.9088058998927349,0.32792994474956283,5,117,-3.487517288664615,-2.8865777180380032,-2.5801239192052012,1.7646428422210718,0.01,6,0.347,0.463,0.574,0.739,1070.5218030363824,906.2598793314367,7.1492,7.5142,92.8508,1815.8294136375298,1566.493438154887,11.3257,12.2233,88.6743,85,18,19
CSX,Industrials,-0.3223854869442158,0.9222734957398152,0,122,-3.4851223522012855,-2.88553750045158,-2.5795685622144586,1.2525471250989046,0.01,6,0.347,0.463,0.574,0.739,301.62670402109006,264.0268814791021,9.0799,9.456,90.9201,905.9615100852626,851.1154030695897,23.6913,27.2797,76.3087,85,18,19
CVS,Healthcare,3.655697125422805,1.0,5,116,-3.4880216384691867,-2.8867966864160075,-2.5802408234244947,1.6943150422250188,0.01,6,0.347,0.463,0.574,0.739,14515.661963390448,11138.69803465993,18.3638,21.4442,81.6362,20256.64213528098,17967.43435933404,20.2255,23.063,79.7745,85,18,19
CVX,Energy,-2.036002991996279,0.2710134775100606,8,113,-3.489589552580676,-2.887477210140433,-2.580604145195395,0.7927322492255787,0.01,5,0.347,0.463,0.574,0.739,6606.633104915226,5262.291162840062,17.5937,16.9589,82.4063,23693.705185362887,21870.2972238721,43.7275,57.6574,56.2725,85,18,19
D,Utilities,-2.2023761249291063,0.2053841911862498,7,114,-3.489057523907491,-2.887246327182993,-2.5804808802708528,0.9123747350176736,0.01,6,0.347,0.463,0.574,0.739,765.0700706090186,631.6765051500017,17.34,19.6269,82.66,492.06026886583464,359.8022270587352,9.1481,9.7093,90.8519,85,18,19
DE,Industrials,0.27464521914141093,0.9761508478047214,13,109,-3.49181775886872,-2.8884437992971588,-2.5811201893779985,1.6072473278850505,0.01,6,0.347,0.463,0.574,0.739,2605.60630078169,2211.416120908128,24.4976,29.0062,75.5024,4054.465553248213,3372.2497881778704,24.7175,29.6007,75.2825,85,18,19
DHR,Healthcare,-0.7369566687270117,0.8369433354004969,13,109,-3.49181775886872,-2.8884437992971588,-2.5811201893779985,1.7567177500525488,0.01,6,0.347,0.463,0.574,0.739,2946.6070954782967,2726.3713442268813,58.3631,43.7527,41.6369,1556.3622497414083,1347.7006711615647,21.4575,19.1911,78.5425,85,18,19
DIS,Communication Services,3.1719596375988104,1.0,13,108,-3.4924012594942333,-2.8886968193364835,-2.5812552709190673,1.7193377286907334,0.01,6,0.347,0.463,0.574,0.739,3072.420656213025,2233.1098776793206,13.1086,14.4841,86.8914,6526.920188706932,6013.931057642922,27.2125,32.226,72.7875,85,18,19
DOV,Industrials,-1.856972516787587,0.3525652476131842,1,121,-3.485585145896754,-2.885738566292665,-2.5796759080663887,1.5246642691821473,0.01,6,0.347,0.463,0.574,0.739,125.41977634538509,100.71006529976223,5.6432,5.81,94.3568,356.2194212856005,340.20995536567165,16.7329,18.3895,83.2671,85,18,19
DTE,Utilities,-0.7646004523874708,0.8292999555644982,11,110,-3.4912451337340342,-2.8881954545454547,-2.5809876033057852,1.6339455037511408,0.01,6,0.347,0.463,0.574,0.739,687.0008968118533,612.9720178231548,18.8046,21.1482,81.1954,1091.705382250018,840.6281810450802,20.0,23.4611,80.0,85,18,19
DUK,Utilities,-3.911454712574388,0.0019521454559909333,3,118,-3.4870216863700767,-2.8863625166643136,-2.580009026141913,0.23900903781087082,0.1,6,0.347,0.463,0.574,0.739,889.6732008765476,774.1170625082024,12.4381,13.4391,87.5619,1074.9563273837098,919.9406799015014,12.3447,13.3535,87.6553,85,18,19
ECL,Materials,-0.6607708147802834,0.856650853985903,4,118,-3.4870216863700767,-2.8863625166643136,-2.580009026141913,1.7557447790631517,0.01,6,0.347,0.463,0.574,0.739,889.2515691620215,608.7117350066642,19.6831,16.2054,80.3169,762.2900482005514,683.4461765036111,18.1325,20.3689,81.8675,85,18,19
EIX,Utilities,-0.4828514869157027,0.8953196945181547,7,114,-3.489057523907491,-2.887246327182993,-2.5804808802708528,1.662346424535872,0.01,4,0.347,0.463,0.574,0.739,696.8883217935206,469.9867948051356,12.832,14.4512,87.168,896.9579582486998,754.626347611296,17.1467,19.2785,82.8533,85,18,19
EMN,Materials,-1.323822906739106,0.6182040653467353,12,109,-3.49181775886872,-2.8884437992971588,-2.5811201893779985,1.5722923958846518,0.01,6,0.347,0.463,0.574,0.739,177.7328187860145,145.43565301431812,6.2766,6.2859,93.7234,416.3274080819084,365.1812660884941,14.4267,15.8447,85.5733,85,18,19
EMR,Industrials,-2.0935287145531123,0.2471246873313545,7,114,-3.489057523907491,-2.887246327182993,-2.5804808802708528,0.5376187136149861,0.03319398342004816,6,0.347,0.463,0.574,0.739,624.9534377301322,527.3018788400441,12.0263,12.9296,87.9737,560.8818871330083,493.40368541698933,11.8214,12.3155,88.1786,85,18,19
ES,Utilities,-0.025533717925122573,0.956368833405666,4,117,-3.487517288664615,-2.8865777180380032,-2.5801239192052012,1.3797748751258114,0.01,6,0.347,0.463,0.574,0.739,212.63313402150897,167.62754852970485,7.68,8.1577,92.32,856.8335346650248,740.9646839024855,23.8866,27.9084,76.1134,85,18,19
ETN,Industrials,-0.1271568954515545,0.946665518992912,0,121,-3.485585145896754,-2.885738566292665,-2.5796759080663887,1.7381193172362484,0.01,6,0.347,0.463,0.574,0.739,419.9563409901079,330.38629006223323,6.7263,6.6708,93.2737,1359.5555878256548,1178.443199491079,19.8968,22.7286,80.1032,85,18,19
ETR,Utilities,-3.0271790145942323,0.03243300472148379,7,114,-3.489057523907491,-2.887246327182993,-2.5804808802708528,1.3412373992367164,0.01,4,0.347,0.463,0.574,0.739,243.51888781442358,206.35234170649667,7.6041,7.4711,92.3959,626.7937429452991,520.0496435516641,15.9641,17.791,84.0359,85,18,19
EXC,Utilities,-1.6035484334006456,0.48181074648323036,3,118,-3.4870216863700767,-2.8863625166643136,-2.580009026141913,1.4334798686054984,0.01,6,0.347,0.463,0.574,0.739,947.9011849841501,826.8174765737162,9.4882,10.0897,90.5118,4219.762908276954,4046.2888419080787,77.4657,54.2905,22.5343,85,18,19
F,Consumer Discretionary,-2.331745549068595,0.1619336803000842,4,118,-3.4870216863700767,-2.8863625166643136,-2.580009026141913,0.1758099916267413,0.1,5,0.347,0.463,0.574,0.739,4991.547939144089,2475.311974563465,9.1344,7.3335,90.8656,7417.367823291273,6219.408520626542,14.6642,15.7088,85.3358,85,18,19
FDX,Industrials,0.004249945541315489,0.9588821455477857,3,119,-3.4865346059036564,-2.8861509858476264,-2.579896092790057,1.7505401060154764,0.01,6,0.347,0.463,0.574,0.739,2078.148907457472,1957.8250763416643,11.6519,12.4518,88.3481,2928.5669071559596,2495.062203490946,11.2345,10.6267,88.7655,85,18,19
FITB,Financial ,-0.8367958428970141,0.8080739620857177,7,115,-3.4885349695076844,-2.887019521656941,-2.5803597920604915,1.1634872277539783,0.01,6,0.347,0.463,0.574,0.739,275.56906509716777,204.75386168030462,10.1164,10.9938,89.8836,1035.0652289401075,837.4823207943977,27.6382,34.3852,72.3618,85,18,19
GD,Industrials,-0.3895494873511319,0.9118290707815506,10,112,-3.4901313156261384,-2.8877122815688776,-2.5807296460459184,1.7405083208385708,0.01,6,0.347,0.463,0.574,0.739,1697.719018472989,1328.0911464055762,13.9948,15.714,86.0052,1263.7190713571013,930.3958267318245,7.987,8.5264,92.013,85,18,19
GE,Industrials,-0.2871014398856577,0.9273113919548398,3,119,-3.4865346059036564,-2.8861509858476264,-2.579896092790057,0.6404168705769486,0.018962102674822852,6,0.347,0.463,0.574,0.739,4659.607031094206,3956.6077113615765,16.8664,15.5041,83.1336,6303.635687166351,5191.285085738846,48.6133,34.889,51.3867,85,18,19
GIS,Consumer Staples,-1.5562471087946155,0.505526218784191,11,111,-3.490683082754047,-2.8879516565798817,-2.5808574442009578,1.724116123522238,0.01,6,0.347,0.463,0.574,0.739,310.9510562103262,239.02546449847463,5.7824,5.7261,94.2176,400.7505180556203,325.2751146059907,6.4799,6.8083,93.5201,85,18,19
GL,Financial ,0.9450153535076043,0.993650546943718,3,118,-3.4870216863700767,-2.8863625166643136,-2.580009026141913,1.7417366607248244,0.01,6,0.347,0.463,0.574,0.739,227.8256911967478,217.5114002430166,19.818,22.1805,80.182,183.46765534803203,164.56888829412506,11.9189,12.7941,88.0811,85,18,19
GLW,Information Technology,0.12900030876419125,0.9679862057821892,6,116,-3.4880216384691867,-2.8867966864160075,-2.5802408234244947,1.657944715877457,0.01,6,0.347,0.463,0.574,0.739,688.6398775768473,649.7704332238925,23.7184,27.2098,76.2816,578.8473582011329,529.1272748979862,15.1782,16.6487,84.8218,85,18,19
GPC,Consumer Discretionary,2.74007438737958,1.0,11,111,-3.490683082754047,-2.8879516565798817,-2.5808574442009578,1.7765244699762122,0.01,6,0.347,0.463,0.574,0.739,580.8290154851603,469.7749574108032,10.3982,11.2576,89.6018,1405.2844470001203,1286.2940703734412,22.6723,26.1225,77.3277,85,18,19
GWW,Industrials,2.0073542469239567,0.9986824313726427,6,115,-3.4885349695076844,-2.887019521656941,-2.5803597920604915,1.7229550436279562,0.01,6,0.347,0.463,0.574,0.739,245.87463840639052,200.61802913529792,7.0225,7.3996,92.9775,1015.6224256748278,906.5716318005943,22.1793,25.632,77.8207,85,18,19
HAL,Energy,-2.9912124340371626,0.03572323770264074,4,118,-3.4870216863700767,-2.8863625166643136,-2.580009026141913,0.8912829168907597,0.01,6,0.347,0.463,0.574,0.739,1142.5934271060298,1046.4811555286258,21.376,21.9715,78.624,2189.3390115828633,2002.227971595843,37.4251,47.5651,62.5749,85,18,19
HAS,Consumer Discretionary,-1.233665820047783,0.6589485106851355,11,111,-3.490683082754047,-2.8879516565798817,-2.5808574442009578,3.542052656969754,0.01,0,0.347,0.463,0.574,0.739,102.88888404925261,85.19421699252905,7.3985,7.383,92.6015,270.63922917578964,215.68604195502652,17.1285,16.8564,82.8715,85,18,19
HD,Consumer Discretionary,0.3208642222729664,0.9782817334508286,11,111,-3.490683082754047,-2.8879516565798817,-2.5808574442009578,1.6381647393694823,0.01,6,0.347,0.463,0.574,0.739,4055.6151084657467,3027.3642617039927,10.5657,11.5117,89.4343,4938.0841698535905,4549.785394124987,11.764,12.6355,88.236,85,18,19
HES,Energy,-1.815890793239463,0.372601381987667,0,120,-3.486055829282407,-2.8859430324074076,-2.5797850694444446,0.3373108438617667,0.1,6,0.347,0.463,0.574,0.739,452.55999140651426,407.47037124579754,27.4129,32.1617,72.5871,1465.984931510942,1336.4476986607988,48.3562,66.4491,51.6438,85,18,18
HIG,Financial ,-2.6406184853320154,0.08488942486900952,4,118,-3.4870216863700767,-2.8863625166643136,-2.580009026141913,0.7698333892640555,0.01,5,0.347,0.463,0.574,0.739,583.7426528645096,445.95146903435557,10.4382,9.9613,89.5618,1023.7547136645303,821.6907802429064,12.9258,14.2991,87.0742,85,18,19
HON,Industrials,-1.684888452127918,0.4389147363769574,3,119,-3.4865346059036564,-2.8861509858476264,-2.579896092790057,1.4939483377977838,0.01,6,0.347,0.463,0.574,0.739,945.0179076524795,712.1484644554907,7.9353,7.5771,92.0647,1264.0865669767547,1152.4595227561,12.3029,13.2515,87.6971,85,18,19
HPQ,Information Technology,-1.4468591988899802,0.5596166885176528,4,118,-3.4870216863700767,-2.8863625166643136,-2.580009026141913,0.41443883617132804,0.07093153613304826,6,0.347,0.463,0.574,0.739,2863.098129433491,2230.416653787281,17.0712,14.9993,82.9288,1415.0930055455717,1148.8458651098385,7.596,7.8677,92.404,85,18,19
HSY,Consumer Staples,2.5393302958890143,0.9990614454678706,11,110,-3.4912451337340342,-2.8881954545454547,-2.5809876033057852,1.6910425002252987,0.01,6,0.347,0.463,0.574,0.739,191.1015281907503,147.25682811962645,7.2074,7.6534,92.7926,695.5838697495016,597.4380451327271,21.6873,25.1999,78.3127,85,18,19
HUM,Healthcare,2.643957896417928,0.999081997855692,12,109,-3.49181775886872,-2.8884437992971588,-2.5811201893779985,1.6848727725415984,0.01,6,0.347,0.463,0.574,0.739,2138.967368708507,1807.126207811783,11.9765,11.5554,88.0235,1427.4101140565294,1160.1935438565822,4.762,4.5947,95.238,85,18,19
HWM,Industrials,-1.966253197503374,0.3015630301907569,9,36,-3.626651907578875,-2.9459512825788754,-2.6116707716049383,0.7013074358548849,0.013426596740465011,3,0.347,0.463,0.574,0.739,1300.8378689744382,1062.9522619027157,55.9406,38.675,44.0594,512.6322004034527,432.9707014045392,25.2349,30.1808,74.7651,9,18,19
IBM,Information Technology,-0.5725497805274657,0.8770648033589266,11,111,-3.490683082754047,-2.8879516565798817,-2.5808574442009578,0.6226474861544338,0.020577501258687837,6,0.347,0.463,0.574,0.739,1722.8680111348604,1384.7467532585667,7.3927,6.9931,92.6073,5087.9097690607,4036.9634050444506,47.8763,26.4643,52.1237,85,18,19
IFF,Materials,0.26697572862917607,0.9757775743028377,6,115,-3.4885349695076844,-2.887019521656941,-2.5803597920604915,1.2256055656733782,0.01,6,0.347,0.463,0.574,0.739,329.5192860943256,251.50493912683007,20.9953,25.2055,79.0047,1627.057199077957,1574.4239165804331,53.7236,74.9367,46.2764,85,18,19
INTC,Information Technology,-1.7223344595510715,0.41964337930015005,3,119,-3.4865346059036564,-2.8861509858476264,-2.579896092790057,1.5758477660919599,0.01,6,0.347,0.463,0.574,0.739,3720.950954898188,3227.150784543103,17.8105,20.0658,82.1895,4417.024803754619,3816.5897227416235,27.9698,23.417,72.0302,85,18,19
IP,Consumer Discretionary,-2.470693347208554,0.12276873795723658,2,119,-3.4865346059036564,-2.8861509858476264,-2.579896092790057,0.41963990577785276,0.06868969578540829,5,0.347,0.463,0.574,0.739,390.5895041593543,320.19667682387893,5.8719,5.9789,94.1281,764.0268222385441,513.5198165484344,12.0634,10.7314,87.9366,85,18,19
IPG,Communication Services,-1.5225020105046896,0.5223520083906299,13,108,-3.4924012594942333,-2.8886968193364835,-2.5812552709190673,1.6398770552403883,0.01,6,0.347,0.463,0.574,0.739,440.3287030123314,369.06438729919626,15.4649,17.1404,84.5351,428.55709014063314,397.27708738658384,14.75,16.0948,85.25,85,18,19
ITW,Industrials,-2.2208200244945475,0.1987759481548531,1,121,-3.485585145896754,-2.885738566292665,-2.5796759080663887,1.220996683466163,0.01,6,0.347,0.463,0.574,0.739,320.20946480614407,263.22047816018414,7.7928,7.8336,92.2072,806.4699228623736,784.6212668995562,20.0162,22.3514,79.9838,85,18,19
JNJ,Healthcare,-0.8279135611484486,0.8107848643361837,1,121,-3.485585145896754,-2.885738566292665,-2.5796759080663887,1.8071267249955472,0.01,6,0.347,0.463,0.574,0.739,1523.021831510888,1346.2094246169445,6.6534,6.931,93.3466,1778.1900492949887,1671.2037232594867,7.4584,7.4366,92.5416,85,18,19
JPM,Financial ,0.9948250869178666,0.9942110460096202,1,121,-3.485585145896754,-2.885738566292665,-2.5796759080663887,1.449875953100743,0.01,6,0.347,0.463,0.574,0.739,7182.235229610149,6369.945772874777,19.3322,21.9074,80.6678,24591.797961986344,19132.7525169025,31.0264,40.7392,68.9736,85,18,19
K,Consumer Staples,-1.859683526462743,0.3512583068661994,13,108,-3.4924012594942333,-2.8886968193364835,-2.5812552709190673,1.5450643568069202,0.01,6,0.347,0.463,0.574,0.739,111.24721988558507,90.75832083075476,2.7441,2.7321,97.2559,244.4667398404915,209.07648958602672,6.075,6.1068,93.925,85,18,19
KEY,Financial ,-0.4122673341033911,0.9080303354501879,2,120,-3.486055829282407,-2.8859430324074076,-2.5797850694444446,0.3617578669844176,0.09363885043775104,6,0.347,0.463,0.574,0.739,644.7959773132009,616.0044397809975,35.3204,43.5915,64.6796,633.791512993607,493.5022311171684,19.8824,23.4826,80.1176,85,18,19
KMB,Consumer Staples,-4.937490387762246,2.9464560073274513e-05,0,121,-3.485585145896754,-2.885738566292665,-2.5796759080663887,1.5937867336417786,0.01,5,0.347,0.463,0.574,0.739,157.99931827904908,146.1852598676984,3.1643,3.1224,96.8357,354.152791177136,328.9376321554039,6.6387,6.8305,93.3613,85,18,19
KO,Consumer Staples,-1.1925532441624906,0.6767908866047923,12,110,-3.4912451337340342,-2.8881954545454547,-2.5809876033057852,1.4594415020697304,0.01,6,0.347,0.463,0.574,0.739,1888.6310249351923,1629.108742404248,19.6532,17.2256,80.3468,2971.1396666921073,2828.7632636984176,25.5039,29.5626,74.4961,85,18,19
KR,Consumer Staples,-0.5385568246148534,0.8842702632563841,13,105,-3.4942202045135513,-2.889485291005291,-2.5816762131519275,1.7848181136777348,0.01,6,0.347,0.463,0.574,0.739,5079.97073953435,3655.7016455157345,10.7345,11.7828,89.2655,5556.406212770675,4549.97975054388,11.8493,12.8389,88.1507,81,18,19
L,Financial ,-1.7058143169490938,0.4281192832219368,4,116,-3.4880216384691867,-2.8867966864160075,-2.5802408234244947,1.18383421682535,0.01,5,0.347,0.463,0.574,0.739,211.14621679146126,163.73270903720893,4.5419,4.6917,95.4581,577.8560835440783,448.16217362035377,10.7528,11.7075,89.2472,84,18,19
LIN,Materials,0.11867712898151096,0.9673133753413303,1,120,-3.486055829282407,-2.8859430324074076,-2.5797850694444446,1.455315993787376,0.01,6,0.347,0.463,0.574,0.739,2883.1577275869845,2112.0501848132217,35.3342,48.9431,64.6658,1112.1354273197958,1043.13929955076,12.6692,13.6378,87.3308,85,18,19
LLY,Healthcare,2.1951033941506504,0.9988784518607524,4,117,-3.487517288664615,-2.8865777180380032,-2.5801239192052012,1.5371739711374093,0.01,6,0.347,0.463,0.574,0.739,558.0902053676748,470.17988794506283,8.0923,8.5616,91.9077,4099.750856698424,3197.77479553746,30.9238,38.8751,69.0762,85,18,19
LMT,Industrials,0.5502791427121467,0.9863237740281711,6,116,-3.4880216384691867,-2.8867966864160075,-2.5802408234244947,1.746459301024904,0.01,6,0.347,0.463,0.574,0.739,3187.8539061094566,2712.691541678467,18.3676,20.9,81.6324,1180.6256005696864,1010.1234924295112,5.825,5.974,94.175,85,18,19
LOW,Consumer Discretionary,-0.6111347119109062,0.8684461364655314,13,109,-3.49181775886872,-2.8884437992971588,-2.5811201893779985,1.7635184174986134,0.01,6,0.347,0.463,0.574,0.739,3230.1107216505425,2559.2761602724786,13.3975,14.6966,86.6025,1844.4163510298729,1463.4361315164783,6.7808,6.5076,93.2192,85,18,19
LUV,Industrials,-0.7391916241625837,0.8363352363308738,5,117,-3.487517288664615,-2.8865777180380032,-2.5801239192052012,1.6616947791502155,0.01,6,0.347,0.463,0.574,0.739,1371.6793057129928,754.1116442037218,40.4411,19.188,59.5589,4307.923387488072,4006.9190228725706,65.3652,101.269,34.6348,85,18,19
MAS,Industrials,-2.5877319790377165,0.09555941968311232,8,113,-3.489589552580676,-2.887477210140433,-2.580604145195395,0.2905505583522336,0.1,6,0.347,0.463,0.574,0.739,249.7772384702411,185.67928818651615,12.1128,11.083,87.8872,155.00926209646852,123.37908989467185,5.9296,6.193,94.0704,85,18,19
MCD,Consumer Discretionary,-1.7633304936033136,0.3988129688723013,9,112,-3.4901313156261384,-2.8877122815688776,-2.5807296460459184,1.2913553308763135,0.01,6,0.347,0.463,0.574,0.739,968.3759154227412,792.9749087133407,16.0289,14.1291,83.9711,1361.1936124029255,1243.2265688179536,19.9789,22.6418,80.0211,85,18,19
MDT,Healthcare,-0.1603446657530389,0.9430863011719772,5,117,-3.487517288664615,-2.8865777180380032,-2.5801239192052012,1.8102769932693736,0.01,6,0.347,0.463,0.574,0.739,2666.475256356923,2107.4920006338743,29.5849,23.8243,70.4151,625.2720133941846,494.92903849179237,6.1657,6.4893,93.8343,85,18,19
MMC,Financial ,1.7854991006903587,0.9983198190407266,12,110,-3.4912451337340342,-2.8881954545454547,-2.5809876033057852,1.5256085301626672,0.01,6,0.347,0.463,0.574,0.739,680.7444474273184,567.9538591715963,14.1174,15.619,85.8826,1603.996053890752,1458.990760968143,25.0409,29.1673,74.9591,85,18,19
MMM,Industrials,-1.6826901385171862,0.44005237924815965,0,122,-3.4851223522012855,-2.88553750045158,-2.5795685622144586,1.534393878693088,0.01,6,0.347,0.463,0.574,0.739,485.9897424553158,382.88257292078043,4.9892,4.79,95.0108,1345.6434156910307,1198.5953734111565,17.8044,16.2289,82.1956,85,18,19
MO,Consumer Staples,-1.3483861041041805,0.6067554065813563,5,116,-3.4880216384691867,-2.8867966864160075,-2.5802408234244947,1.3537892358226606,0.01,6,0.347,0.463,0.574,0.739,417.5916997562512,325.8270593874727,6.3032,6.6029,93.6968,353.4421703245105,264.25454392732337,5.4022,5.1548,94.5978,85,18,19
MRK,Healthcare,-1.217864611626555,0.665863984780845,1,120,-3.486055829282407,-2.8859430324074076,-2.5797850694444446,1.1517472698408213,0.01,6,0.347,0.463,0.574,0.739,1315.972228129499,1060.2633690032828,9.444,10.1308,90.556,5223.865639715152,4958.520752187127,33.1537,40.3669,66.8463,85,18,19
MRO,Energy,-1.5792815393166935,0.49399215370820215,10,108,-3.4924012594942333,-2.8886968193364835,-2.5812552709190673,0.5587745437903312,0.028429156803979453,6,0.347,0.463,0.574,0.739,644.3934093479961,584.8095402500666,47.3108,64.6835,52.6892,862.4372670935376,802.7400354446231,48.0379,65.1769,51.9621,85,18,16
MS,Financial ,2.3557704279660823,0.9989879509750778,11,110,-3.4912451337340342,-2.8881954545454547,-2.5809876033057852,1.2811639982164393,0.01,6,0.347,0.463,0.574,0.739,2544.401087921502,2278.3516320139042,23.0423,26.5393,76.9577,8935.743827281973,6328.042914820639,29.1154,37.769,70.8846,85,18,19
MSFT,Information Technology,3.5885473000985617,1.0,8,113,-3.489589552580676,-2.887477210140433,-2.580604145195395,1.5897195818693381,0.01,6,0.347,0.463,0.574,0.739,4760.653505331036,4120.694792259282,13.0667,14.0579,86.9333,6567.549711384603,5953.723645101294,10.1615,10.7669,89.8385,85,18,19
MU,Information Technology,1.1182121140020718,0.9953690972475633,12,110,-3.4912451337340342,-2.8881954545454547,-2.5809876033057852,1.6117064647398875,0.01,6,0.347,0.463,0.574,0.739,3117.9746110754527,2732.3468096382253,44.1434,59.298,55.8566,1968.5505005091788,1735.4708878713768,27.1458,27.8282,72.8542,85,18,19
NEE,Utilities,0.6103171679503071,0.9878671880901392,7,115,-3.4885349695076844,-2.887019521656941,-2.5803597920604915,1.6396239699420827,0.01,6,0.347,0.463,0.574,0.739,396.52754874487846,308.3786669709457,7.0237,7.0164,92.9763,1825.4006882268138,1566.7641452048479,25.6192,29.586,74.3808,85,18,19
NEM,Materials,0.4566633057094247,0.983494659463322,4,118,-3.4870216863700767,-2.8863625166643136,-2.580009026141913,1.5908735779948713,0.01,6,0.347,0.463,0.574,0.739,385.93916364476814,318.7242078088887,14.8631,14.6462,85.1369,739.5991795053475,576.6181215100788,15.7703,15.5813,84.2297,85,18,19
NKE,Consumer Discretionary,-0.09861359869984639,0.9495764494650178,3,119,-3.4865346059036564,-2.8861509858476264,-2.579896092790057,1.7829107796720869,0.01,6,0.347,0.463,0.574,0.739,1351.0407760018445,1118.822633958782,12.1047,12.5785,87.8953,3151.671734384495,3020.375112575802,24.8288,28.6678,75.1712,85,18,19
NOC,Industrials,-1.6565884865988325,0.45360663958762043,8,114,-3.489057523907491,-2.887246327182993,-2.5804808802708528,1.2581401227606213,0.01,6,0.347,0.463,0.574,0.739,1941.3362445796017,1592.7106222096081,19.5256,22.6345,80.4744,547.7922374071469,462.93160665591967,4.8935,4.8392,95.1065,85,18,19
NSC,Industrials,-1.637615094713068,0.4635072450875348,0,122,-3.4851223522012855,-2.88553750045158,-2.5795685622144586,1.6453530576469615,0.01,6,0.347,0.463,0.574,0.739,236.03207104872726,189.91073038899174,7.1004,7.2358,92.8996,537.8869594449113,504.9178259201548,16.5414,18.2134,83.4586,85,18,19
NTRS,Financial ,0.17657880149511723,0.9709169489761316,9,112,-3.4901313156261384,-2.8877122815688776,-2.5807296460459184,1.2546826525673278,0.01,6,0.347,0.463,0.574,0.739,317.7131811065564,271.98594136110705,16.5602,18.603,83.4398,1661.2620121671048,1334.4710820011132,42.287,58.3927,57.713,85,18,19
NUE,Materials,-0.9224664124007598,0.78048390627134,5,117,-3.487517288664615,-2.8865777180380032,-2.5801239192052012,1.591367822073883,0.01,6,0.347,0.463,0.574,0.739,1418.1486485452433,1189.9281335732537,20.7822,24.1282,79.2178,3654.7441784849634,3323.837543417779,36.2157,45.5002,63.7843,85,18,19
OMC,Communication Services,-2.4539204972595376,0.12709216481672503,12,110,-3.4912451337340342,-2.8881954545454547,-2.5809876033057852,1.6212389933121758,0.01,6,0.347,0.463,0.574,0.739,404.18765346348636,246.28552939624856,7.4188,6.7244,92.5812,509.02028562081495,454.02221596344384,11.9589,12.8918,88.0411,85,18,19
ORCL,Information Technology,0.5765049292127822,0.9870219693384368,8,114,-3.489057523907491,-2.887246327182993,-2.5804808802708528,1.796928150060524,0.01,6,0.347,0.463,0.574,0.739,950.3935456600374,720.3005737172161,7.6212,7.1449,92.3788,2937.384288485177,2469.128406981116,18.6715,21.3174,81.3285,85,18,19
OXY,Energy,-2.5700589430570284,0.09934470684014413,0,121,-3.485585145896754,-2.885738566292665,-2.5796759080663887,0.9872205113826292,0.01,6,0.347,0.463,0.574,0.739,1727.7031155877273,1439.680137384809,33.492,42.458,66.508,3526.3725326835997,3278.3134020919047,44.1547,57.7933,55.8453,85,18,19
PCAR,Industrials,-1.5746460319263356,0.4963158797198236,0,122,-3.4851223522012855,-2.88553750045158,-2.5795685622144586,1.5783720625669198,0.01,6,0.347,0.463,0.574,0.739,1095.2928620342173,927.4991771019367,17.6516,18.2747,82.3484,1958.7076035169312,1726.036789952662,21.8253,24.72,78.1747,85,18,19
PEG,Utilities,-2.029232322084376,0.27390462304903995,8,113,-3.489589552580676,-2.887477210140433,-2.580604145195395,0.5650945866310496,0.027005723731745576,6,0.347,0.463,0.574,0.739,260.71402259120066,233.30443047903813,10.2452,9.7209,89.7548,539.9010960552033,434.7052727680744,15.8305,17.0266,84.1695,85,18,19
PEP,Consumer Staples,-0.10814938626038195,0.9486207491688531,8,114,-3.489057523907491,-2.887246327182993,-2.5804808802708528,1.7226473754294735,0.01,6,0.347,0.463,0.574,0.739,2372.9869037072517,1963.1028024005032,11.4761,12.2521,88.5239,5273.5467388518555,4391.590677302385,18.779,21.4541,81.221,85,18,19
PFE,Healthcare,-2.379786996722324,0.1475228339876012,12,109,-3.49181775886872,-2.8884437992971588,-2.5811201893779985,1.244507419023947,0.01,6,0.347,0.463,0.574,0.739,1610.738990225333,957.9153920522773,8.7767,7.7272,91.2233,9444.307106126249,8107.951174640956,40.7868,53.4658,59.2132,85,18,19
PG,Consumer Staples,-1.924534733324019,0.32060866769566343,8,114,-3.489057523907491,-2.887246327182993,-2.5804808802708528,1.3062773348798165,0.01,6,0.347,0.463,0.574,0.739,1203.5227961449543,951.5040212926991,5.425,5.6603,94.575,1706.0050284282836,1555.360665797892,7.5026,7.8491,92.4974,85,18,19
PH,Industrials,0.5423548369617258,0.9861051441399201,10,111,-3.490683082754047,-2.8879516565798817,-2.5808574442009578,1.7080503727890446,0.01,6,0.347,0.463,0.574,0.739,609.3735018097349,540.4704199887788,15.3939,16.9925,84.6061,1080.6978655849452,941.8953057789686,19.7529,22.4757,80.2471,85,18,19
PHM,Consumer Discretionary,-1.3282876356751212,0.6161333948902586,4,118,-3.4870216863700767,-2.8863625166643136,-2.580009026141913,0.8693676795158298,0.01,6,0.347,0.463,0.574,0.739,902.5123933294689,810.6718175835299,32.0635,39.3927,67.9365,1183.793605950428,1052.4463507632267,25.0783,29.5633,74.9217,85,18,19
PKI,Healthcare,-2.7129404556793695,0.07182564890901737,12,107,-3.492995948509562,-2.888954648057252,-2.58139291903223,1.2184956890917022,0.01,6,0.347,0.463,0.574,0.739,158.5896827828065,119.3152790998679,15.9663,18.2149,84.0337,285.84544321621763,263.43898490141254,27.2512,27.8389,72.7488,85,18,16
PNC,Financial ,1.4509057246728552,0.9973335618296053,11,111,-3.490683082754047,-2.8879516565798817,-2.5808574442009578,1.6083122831338772,0.01,6,0.347,0.463,0.574,0.739,812.247056850596,686.6472874836505,13.7433,15.1463,86.2567,2567.3296559244604,2114.519115816569,27.3143,33.4901,72.6857,85,18,19
PNW,Utilities,-1.3860334689948066,0.5889532322867181,7,114,-3.489057523907491,-2.887246327182993,-2.5804808802708528,1.7567342092883962,0.01,3,0.347,0.463,0.574,0.739,89.33872249768002,69.56272578344377,7.243,7.1215,92.757,229.39206341119117,179.74792898770087,14.8244,16.3245,85.1756,85,18,19
PPG,Materials,-1.2622426772766466,0.6462645368013014,6,115,-3.4885349695076844,-2.887019521656941,-2.5803597920604915,1.6731878862905125,0.01,6,0.347,0.463,0.574,0.739,252.12166682114835,191.79209161958042,5.253,5.304,94.747,857.8266047587065,811.4826679855574,20.2092,21.2268,79.7908,85,18,19
PPL,Utilities,-1.9773886145835218,0.2965745480657789,10,111,-3.490683082754047,-2.8879516565798817,-2.5808574442009578,1.0391194738885892,0.01,5,0.347,0.463,0.574,0.739,316.1282867288698,240.32950165216738,15.1759,13.1888,84.8241,532.9016724906854,451.9541234518726,21.5091,24.8192,78.4909,85,18,19
QCOM,Information Technology,0.2857721898831946,0.9766822235234641,4,117,-3.487517288664615,-2.8865777180380032,-2.5801239192052012,1.7132459359214491,0.01,6,0.347,0.463,0.574,0.739,1743.6437600331485,1217.427367089399,18.3688,21.4591,81.6312,1728.0787767223214,1536.2265920519992,15.8727,14.6789,84.1273,85,18,19
ROK,Industrials,-5.307502117701201,5.283086582310058e-06,4,117,-3.487517288664615,-2.8865777180380032,-2.5801239192052012,0.36804559238595114,0.09092862397157278,5,0.347,0.463,0.574,0.739,136.43119269745378,122.29160503375367,7.4429,7.7493,92.5571,473.2748011789741,425.9166137405368,20.4056,23.1465,79.5944,85,18,19
RTX,Industrials,-0.09624060634044025,0.949811698650171,5,117,-3.487517288664615,-2.8865777180380032,-2.5801239192052012,1.6720371556847773,0.01,6,0.347,0.463,0.574,0.739,2234.804023561393,1824.3132760048845,12.5771,12.7424,87.4229,4078.028446822505,3510.9412687239637,18.546,20.9911,81.454,85,18,19
SHW,Materials,1.347132855268933,0.9968602273806454,12,110,-3.4912451337340342,-2.8881954545454547,-2.5809876033057852,1.6826352964367879,0.01,6,0.347,0.463,0.574,0.739,1287.3544764971355,1132.6604410424525,25.9008,30.9676,74.0992,1045.4781843194805,965.958875805969,17.3037,19.2265,82.6963,85,18,19
SLB,Energy,-1.592302631929489,0.4874590032250481,5,117,-3.487517288664615,-2.8865777180380032,-2.5801239192052012,1.2342441979884653,0.01,6,0.347,0.463,0.574,0.739,1748.8697065399347,1675.9977026232873,21.903,24.3559,78.097,3021.39480050183,2730.6234770746332,34.2375,42.5047,65.7625,85,18,19
SNA,Industrials,2.0998928574803544,0.9987894890444787,11,111,-3.490683082754047,-2.8879516565798817,-2.5808574442009578,1.7608572811433603,0.01,6,0.347,0.463,0.574,0.739,74.54933932458582,66.73017932710367,7.2058,7.5179,92.7942,230.86273237573783,216.72169088711297,18.2605,20.3031,81.7395,85,18,19
SO,Utilities,-0.05959321937111379,0.9533174211232256,7,114,-3.489057523907491,-2.887246327182993,-2.5804808802708528,1.697904718825336,0.01,6,0.347,0.463,0.574,0.739,1357.5903238163241,1251.9183468163812,22.0168,25.1278,77.9832,1684.0952465303217,1489.5003178946947,21.6441,24.895,78.3559,85,18,19
STT,Financial ,0.043681792956780846,0.9619988712457439,5,117,-3.487517288664615,-2.8865777180380032,-2.5801239192052012,1.5431359401505138,0.01,6,0.347,0.463,0.574,0.739,522.8400887919981,465.90868658577386,14.6677,16.1231,85.3323,1790.3312066038222,1415.7791805201184,28.7655,36.4298,71.2345,85,18,19
SWK,Industrials,-0.44206711330364795,0.9028346132570015,4,117,-3.487517288664615,-2.8865777180380032,-2.5801239192052012,1.7233764550967146,0.01,6,0.347,0.463,0.574,0.739,704.5416016596988,625.4340366169595,17.9772,20.1909,82.0228,529.067745213435,461.41811029978845,11.065,11.9084,88.935,85,18,19
SYY,Consumer Staples,0.3056160515328384,0.9776006853335475,2,120,-3.486055829282407,-2.8859430324074076,-2.5797850694444446,1.7670053634693328,0.01,6,0.347,0.463,0.574,0.739,2345.977144768523,2215.3776445971507,16.1511,16.8943,83.8489,8078.720496213501,7621.456703464557,40.4478,51.8966,59.5522,85,18,19
TAP,Consumer Staples,-0.4599716644903902,0.8995939174470284,13,108,-3.4924012594942333,-2.8886968193364835,-2.5812552709190673,1.3873284140038062,0.01,6,0.347,0.463,0.574,0.739,1737.9867753089698,1633.3653823401391,62.7137,95.8171,37.2863,526.8653241296716,429.09981305680975,15.5462,16.1694,84.4538,85,18,19
TGT,Consumer Staples,-0.8789857988554204,0.7948139079722943,8,114,-3.489057523907491,-2.887246327182993,-2.5804808802708528,1.7222261270545118,0.01,6,0.347,0.463,0.574,0.739,2142.617219848221,1801.5563208585816,9.565,9.3693,90.435,6435.138679408867,6078.313809738258,22.5153,25.6329,77.4847,85,18,19
TJX,Consumer Discretionary,3.0109307777356262,1.0,11,111,-3.490683082754047,-2.8879516565798817,-2.5808574442009578,1.7717241422839836,0.01,6,0.347,0.463,0.574,0.739,1654.9503815736841,1272.684326758491,15.6024,14.8755,84.3976,6996.5862192025315,6706.76571905303,51.4664,70.3782,48.5336,85,18,19
TROW,Financial ,0.5916871361992652,0.9874089290282998,9,112,-3.4901313156261384,-2.8877122815688776,-2.5807296460459184,1.7464209838910152,0.01,6,0.347,0.463,0.574,0.739,133.83457829880032,124.91218900562457,9.4836,10.018,90.5164,409.664539339636,361.4870560005509,21.4418,18.9515,78.5582,85,18,19
TXN,Information Technology,-0.7095224671625883,0.8442675616755944,10,112,-3.4901313156261384,-2.8877122815688776,-2.5807296460459184,1.3565755115897526,0.01,6,0.347,0.463,0.574,0.739,610.2365843211101,543.524685989493,14.3643,15.7315,85.6357,923.4281921239113,816.3393731382665,17.6906,19.831,82.3094,85,18,19
TXT,Industrials,-2.7007583196255958,0.0739071385269563,4,117,-3.487517288664615,-2.8865777180380032,-2.5801239192052012,1.1515906600280679,0.01,5,0.347,0.463,0.574,0.739,384.94818363061233,289.6445104811016,9.2409,8.7764,90.7591,416.7585608065222,347.0678030437389,9.9343,10.6655,90.0657,84,18,19
UNH,Healthcare,3.4035393464895454,1.0,8,114,-3.489057523907491,-2.887246327182993,-2.5804808802708528,1.688933624175044,0.01,6,0.347,0.463,0.574,0.739,5627.078222989903,4463.560981712982,7.5511,7.1582,92.4489,7067.348984635306,5952.342031693836,6.3083,6.5795,93.6917,85,18,19
UNM,Financial ,-3.4726163531132914,0.008718852951351988,7,114,-3.489057523907491,-2.887246327182993,-2.5804808802708528,1.1908752243819842,0.01,6,0.347,0.463,0.574,0.739,209.10938836166147,188.47847751049994,6.4201,6.6802,93.5799,753.296129232029,327.6114945746694,545.2233,15.5617,-445.2233,85,18,19
UNP,Industrials,-1.3454935379596704,0.6081106878769791,0,122,-3.4851223522012855,-2.88553750045158,-2.5795685622144586,1.7566178292039747,0.01,6,0.347,0.463,0.574,0.739,493.77235612778776,427.41907204866675,7.9806,8.2595,92.0194,1055.3639480332752,985.9363227253755,16.3106,17.9644,83.6894,85,18,19
VZ,Communication Services,-3.010927583947806,0.033886426816570475,13,108,-3.4924012594942333,-2.8886968193364835,-2.5812552709190673,1.729377927951707,0.01,6,0.347,0.463,0.574,0.739,1768.7406098295303,1558.4238095644566,4.9563,4.8207,95.0437,3606.8432203251555,3501.747870927567,10.3073,10.8975,89.6927,85,18,19
WBA,Healthcare,0.4695330987763461,0.9839170629317785,2,119,-3.4865346059036564,-2.8861509858476264,-2.579896092790057,1.8088354972231018,0.01,6,0.347,0.463,0.574,0.739,2951.3874135127658,2477.4324929474906,7.4677,7.826,92.5323,2863.6801511810295,2337.863352624468,6.792,6.5744,93.208,85,18,19
WFC,Financial ,-0.9969911872081173,0.7543601139744683,0,122,-3.4851223522012855,-2.88553750045158,-2.5795685622144586,1.6891037262824042,0.01,6,0.347,0.463,0.574,0.739,2140.6794848121867,1898.5089353010585,7.8429,8.0169,92.1571,7092.493584639769,5708.596706628356,19.9322,23.0878,80.0678,85,18,19
WM,Industrials,-1.5586808769099958,0.5043091804432138,4,118,-3.4870216863700767,-2.8863625166643136,-2.580009026141913,1.3285886000420053,0.01,6,0.347,0.463,0.574,0.739,830.2825662079368,790.7083674173957,21.1705,23.9286,78.8295,1201.3916278852525,1086.7225002123103,20.4954,23.2303,79.5046,85,18,19
WMB,Energy,-4.41860721693747,0.0002751164802216306,2,119,-3.4865346059036564,-2.8861509858476264,-2.579896092790057,0.25578088426264617,0.1,5,0.347,0.463,0.574,0.739,270.321034079177,234.97548282250773,11.2033,12.0641,88.7967,768.5629463645383,711.8958569980542,25.6865,29.9663,74.3135,85,18,19
WMT,Consumer Staples,-0.4074688597755613,0.9088442565612347,9,113,-3.489589552580676,-2.887477210140433,-2.580604145195395,1.813646537360508,0.01,6,0.347,0.463,0.574,0.739,7183.515661451035,5868.317161642814,4.4827,4.5958,95.5173,25292.806332442513,22420.68424085473,13.8876,15.1855,86.1124,85,18,19
WY,Real Estate,-1.887333905619651,0.3380429000572099,5,116,-3.4880216384691867,-2.8867966864160075,-2.5802408234244947,0.7956185621212515,0.01,6,0.347,0.463,0.574,0.739,321.8232116730184,281.168481514235,15.3797,16.9923,84.6203,474.1133453700068,350.42442391399794,14.788,15.7312,85.212,85,18,19
XEL,Utilities,-2.6171112866598576,0.08951203108710726,4,117,-3.487517288664615,-2.8865777180380032,-2.5801239192052012,1.1903596878849068,0.01,6,0.347,0.463,0.574,0.739,218.52034525380415,185.5059318538301,6.2805,6.5461,93.7195,576.6041018071675,493.90653598287025,13.4295,14.706,86.5705,85,18,19
XOM,Energy,-2.476829117411809,0.1212143139733286,0,121,-3.485585145896754,-2.885738566292665,-2.5796759080663887,0.5883230490762683,0.023697904629430153,6,0.347,0.463,0.574,0.739,12332.593714614524,10751.271203867345,18.5718,19.3717,81.4282,37820.11937010504,35006.74865568405,40.6025,52.346,59.3975,85,18,19
