Ticker,Sector,ADF Statistic,ADF p-value,ADF Lags Used,ADF Observations Used,ADF CV 1%,ADF CV 5%,ADF CV 10%,KPSS Statistic,KPSS p-value,KPSS Lags Used,KPSS CV 10%,KPSS CV 5%,KPSS CV 2.5%,KPSS CV 1%,RMSE,MAE,MAPE (%),sMAPE (%),Accuracy (%)
AAPL,Information Technology,1.1744354155964434,0.9958044082410052,6,113,-3.489589552580676,-2.887477210140433,-2.580604145195395,1.6590401884757853,0.01,6,0.347,0.463,0.574,0.739,36945.883826180725,33993.563914013765,34.5315,42.656,65.4685
ABT,Healthcare,-1.3000699241079818,0.6291403227093825,4,117,-3.487517288664615,-2.8865777180380032,-2.5801239192052012,1.340482256527012,0.01,6,0.347,0.463,0.574,0.739,2328.1327762504266,2202.7170294721145,20.7274,23.2729,79.2726
ADM,Consumer Staples,-1.513447194747873,0.5268490265733493,4,116,-3.4880216384691867,-2.8867966864160075,-2.5802408234244947,1.489194080887477,0.01,6,0.347,0.463,0.574,0.739,7352.056521076498,6824.304839755977,30.2857,36.4227,69.7143
ADP,Industrials,1.757424566795301,0.9982607298389934,12,109,-3.49181775886872,-2.8884437992971588,-2.5811201893779985,1.7331486323464873,0.01,6,0.347,0.463,0.574,0.739,1057.19381804513,902.9757247817599,18.8013,21.4359,81.1987
ADSK,Information Technology,1.9849888955612216,0.9986531255202751,13,109,-3.49181775886872,-2.8884437992971588,-2.5811201893779985,1.5391480105129396,0.01,6,0.347,0.463,0.574,0.739,296.6727908748636,252.66192666844256,17.004,19.0252,82.996
AEE,Utilities,-1.3265766684600506,0.616927464874951,7,103,-3.4954932834550623,-2.8900369024285117,-2.5819706975209726,0.9327381907056318,0.01,5,0.347,0.463,0.574,0.739,508.0890807060008,441.8848994038002,21.6938,25.102,78.3062
AEP,Utilities,-4.001501560434186,0.0014026690192578092,0,121,-3.485585145896754,-2.885738566292665,-2.5796759080663887,0.11083591543563516,0.1,5,0.347,0.463,0.574,0.739,1096.4166894025104,953.758471327008,19.2867,21.9148,80.7133
AIG,Financial ,-2.635756316928787,0.0858300231814807,2,119,-3.4865346059036564,-2.8861509858476264,-2.579896092790057,0.3209076389299198,0.1,5,0.347,0.463,0.574,0.739,3765.2505989163446,3264.979224752507,40.7192,31.5859,59.2808
ALL,Financial ,2.5909636493115666,0.9990734290411671,4,117,-3.487517288664615,-2.8865777180380032,-2.5801239192052012,1.4506555451994387,0.01,6,0.347,0.463,0.574,0.739,3529.9561055394374,3031.018545945732,20.1257,22.9457,79.8743
AMAT,Information Technology,0.7388640446327687,0.9905823958150047,5,117,-3.487517288664615,-2.8865777180380032,-2.5801239192052012,1.4650596778627334,0.01,6,0.347,0.463,0.574,0.739,2643.088463554451,2470.8965457400313,36.9596,46.4837,63.0404
AMD,Information Technology,2.4317155525803327,0.9990244621701186,8,113,-3.489589552580676,-2.887477210140433,-2.580604145195395,1.0726839272994626,0.01,6,0.347,0.463,0.574,0.739,3820.1020292008193,3412.7212590619647,56.013,81.4854,43.987
AMGN,Healthcare,0.6154492963114956,0.9879903016429434,8,113,-3.489589552580676,-2.887477210140433,-2.580604145195395,1.8115253543593226,0.01,6,0.347,0.463,0.574,0.739,933.1386325280624,684.2089182106345,8.2526,8.8108,91.7474
APD,Materials,-1.5142869989693455,0.5264322985704262,4,117,-3.487517288664615,-2.8865777180380032,-2.5801239192052012,1.4415846216642978,0.01,6,0.347,0.463,0.574,0.739,722.6683865672072,654.9232539735657,21.6064,24.7307,78.3936
AVY,Industrials,-0.4146611269944777,0.9076219650933162,9,113,-3.489589552580676,-2.887477210140433,-2.580604145195395,1.666025572016704,0.01,6,0.347,0.463,0.574,0.739,442.3717036695614,422.4378361395714,19.5064,21.7322,80.4936
AXP,Financial ,2.425159599415109,0.9990216623440418,9,113,-3.489589552580676,-2.887477210140433,-2.580604145195395,1.5095202314562093,0.01,6,0.347,0.463,0.574,0.739,6013.113700822473,5129.5231545930355,29.7342,35.3391,70.2658
BA,Industrials,-2.62563357657904,0.08781420846193316,4,117,-3.487517288664615,-2.8865777180380032,-2.5801239192052012,1.1391196550645601,0.01,6,0.347,0.463,0.574,0.739,3205.542192906009,2802.679886992101,16.4363,15.6398,83.5637
BAC,Financial ,-1.1829793541423734,0.6808743765157538,4,118,-3.4870216863700767,-2.8863625166643136,-2.580009026141913,1.2374302064677174,0.01,6,0.347,0.463,0.574,0.739,16128.031497089412,13472.84554969502,31.4049,38.6908,68.5951
BAX,Healthcare,-1.6765324967022373,0.44324238645223507,7,114,-3.489057523907491,-2.887246327182993,-2.5804808802708528,1.1563181086968144,0.01,6,0.347,0.463,0.574,0.739,449.0089680467432,353.87926543663093,10.7226,11.2889,89.2774
BBWI,Consumer Discretionary,-1.7865244300035015,0.3871721647761013,11,111,-3.490683082754047,-2.8879516565798817,-2.5808574442009578,0.47032240969941397,0.048350808626258124,3,0.347,0.463,0.574,0.739,1449.3814959691229,1368.4149780424273,81.6616,55.5734,18.3384
BDX,Healthcare,1.061859950850571,0.9948776006266833,11,110,-3.4912451337340342,-2.8881954545454547,-2.5809876033057852,1.6957616015669645,0.01,6,0.347,0.463,0.574,0.739,497.8190615950693,446.5014328516133,8.8611,8.5412,91.1389
BEN,Financial ,-1.6573993424624416,0.45318436329575346,1,120,-3.486055829282407,-2.8859430324074076,-2.5797850694444446,1.5701820443993493,0.01,6,0.347,0.463,0.574,0.739,695.0738770647564,666.1721244568961,32.4976,39.1593,67.5024
BK,Financial ,0.1079956203230615,0.9666027713518262,1,121,-3.485585145896754,-2.885738566292665,-2.5796759080663887,1.4429602657034122,0.01,6,0.347,0.463,0.574,0.739,3922.360274946818,2678.562338018406,28.4151,38.8634,71.5849
BLL,Consumer Discretionary,-0.7364240796561519,0.8370879903019197,7,104,-3.4948504603223145,-2.889758398668639,-2.5818220155325444,1.6161455828848785,0.01,6,0.347,0.463,0.574,0.739,606.5436697451624,418.4872767910583,19.8771,15.4784,80.1229
BMY,Healthcare,0.16905929494082822,0.970471844270416,1,120,-3.486055829282407,-2.8859430324074076,-2.5797850694444446,1.0611180521010213,0.01,6,0.347,0.463,0.574,0.739,4583.3377521259345,4546.041525051222,39.1197,48.7258,60.8803
BSX,Healthcare,2.3942604307642945,0.9990075829303726,1,120,-3.486055829282407,-2.8859430324074076,-2.5797850694444446,1.633494741570166,0.01,6,0.347,0.463,0.574,0.739,596.9180978913755,450.0353681060667,11.7912,11.968,88.2088
C,Financial ,-2.5377407117778623,0.10655950531464314,4,118,-3.4870216863700767,-2.8863625166643136,-2.580009026141913,0.44488129653375236,0.05780978597683089,6,0.347,0.463,0.574,0.739,12624.455068782208,11232.936987059238,31.7595,35.6107,68.2405
CAG,Consumer Staples,-1.7571185192923773,0.40194921799965566,4,118,-3.4870216863700767,-2.8863625166643136,-2.580009026141913,1.2461440086726747,0.01,6,0.347,0.463,0.574,0.739,331.765739149466,272.97093598853314,9.0456,9.6665,90.9544
CAT,Industrials,-0.7298250180679842,0.8388722134960034,10,111,-3.490683082754047,-2.8879516565798817,-2.5808574442009578,1.470711174815494,0.01,6,0.347,0.463,0.574,0.739,3267.441403248586,2915.3194531337413,19.1466,21.0033,80.8534
CI,Healthcare,1.6711850874118725,0.998056172463197,0,120,-3.486055829282407,-2.8859430324074076,-2.5797850694444446,1.2373349990405709,0.01,6,0.347,0.463,0.574,0.739,21082.62080950364,18308.20620880772,32.1627,39.7678,67.8373
CL,Consumer Staples,-0.8363642291536398,0.8082063401510128,12,109,-3.49181775886872,-2.8884437992971588,-2.5811201893779985,1.6561838836270972,0.01,6,0.347,0.463,0.574,0.739,749.9582095536326,660.5492355256282,13.5669,14.8233,86.4331
CLX,Consumer Staples,-1.8919851761568698,0.33584087979405186,12,109,-3.49181775886872,-2.8884437992971588,-2.5811201893779985,1.73603108543573,0.01,6,0.347,0.463,0.574,0.739,327.0329611662936,308.5759024295378,16.5498,18.1324,83.4502
CMA,Financial ,-3.7674955894663507,0.0032579456118786753,7,115,-3.4885349695076844,-2.887019521656941,-2.5803597920604915,0.1927421513517469,0.1,6,0.347,0.463,0.574,0.739,263.38743129674066,207.10354896457042,17.9547,20.5029,82.0453
CMI,Industrials,1.8691366309287503,0.9984767154985242,11,110,-3.4912451337340342,-2.8881954545454547,-2.5809876033057852,1.712792353177336,0.01,6,0.347,0.463,0.574,0.739,2448.8065465755276,2140.972203240467,27.2392,32.0259,72.7608
CNP,Utilities,-3.4000108767520283,0.010958500826350772,1,121,-3.485585145896754,-2.885738566292665,-2.5796759080663887,0.24045065437840105,0.1,5,0.347,0.463,0.574,0.739,535.8046765126019,489.36657078225386,24.9195,21.8385,75.0805
COP,Energy,-1.6627866788241734,0.45038062694630127,2,119,-3.4865346059036564,-2.8861509858476264,-2.579896092790057,0.31312650941604686,0.1,6,0.347,0.463,0.574,0.739,7058.413527083403,6368.218232883983,50.8322,59.13,49.1678
COST,Consumer Staples,2.300501951428973,0.9989555014511324,12,110,-3.4912451337340342,-2.8881954545454547,-2.5809876033057852,1.700238646126158,0.01,6,0.347,0.463,0.574,0.739,22528.37906426162,19811.363906460792,29.5699,35.5419,70.4301
CPB,Consumer Staples,0.4994724680265557,0.9848570535746435,12,110,-3.4912451337340342,-2.8881954545454547,-2.5809876033057852,2.1177969805885897,0.01,3,0.347,0.463,0.574,0.739,721.3398281151296,684.420485080437,29.7168,35.6241,70.2832
CSCO,Information Technology,-1.9088058998927349,0.32792994474956283,5,117,-3.487517288664615,-2.8865777180380032,-2.5801239192052012,1.7646428422210718,0.01,6,0.347,0.463,0.574,0.739,3177.648939304906,2787.4605935865525,19.9024,22.7854,80.0976
CSX,Industrials,-0.3223854869442158,0.9222734957398152,0,122,-3.4851223522012855,-2.88553750045158,-2.5795685622144586,1.2525471250989046,0.01,6,0.347,0.463,0.574,0.739,1004.6432822415577,871.7870264092032,22.8523,26.2712,77.1477
CVS,Healthcare,3.655697125422805,1.0,5,116,-3.4880216384691867,-2.8867966864160075,-2.5802408234244947,1.6943150422250188,0.01,6,0.347,0.463,0.574,0.739,21954.338202393126,18687.979422397897,20.5117,23.7284,79.4883
CVX,Energy,-2.036002991996279,0.2710134775100606,8,113,-3.489589552580676,-2.887477210140433,-2.580604145195395,0.7927322492255787,0.01,5,0.347,0.463,0.574,0.739,14052.722458667258,12531.579474713508,30.2422,31.2647,69.7578
D,Utilities,-2.2023761249291063,0.2053841911862498,7,114,-3.489057523907491,-2.887246327182993,-2.5804808802708528,0.9123747350176736,0.01,6,0.347,0.463,0.574,0.739,1203.722350335608,1162.128550497781,32.1035,27.3109,67.8965
DE,Industrials,0.27464521914141093,0.9761508478047214,13,109,-3.49181775886872,-2.8884437992971588,-2.5811201893779985,1.6072473278850505,0.01,6,0.347,0.463,0.574,0.739,3925.4794038082064,3277.2009230511544,24.9606,29.8811,75.0394
DHR,Healthcare,-0.7369566687270117,0.8369433354004969,13,109,-3.49181775886872,-2.8884437992971588,-2.5811201893779985,1.7567177500525488,0.01,6,0.347,0.463,0.574,0.739,1865.4573073474774,1659.2992794065615,24.4981,28.6459,75.5019
DIS,Communication Services,3.1719596375988104,1.0,13,108,-3.4924012594942333,-2.8886968193364835,-2.5812552709190673,1.7193377286907334,0.01,6,0.347,0.463,0.574,0.739,4411.820754056007,3974.0293440697064,20.842,18.124,79.158
DOV,Industrials,-1.856972516787587,0.3525652476131842,1,121,-3.485585145896754,-2.885738566292665,-2.5796759080663887,1.5246642691821473,0.01,6,0.347,0.463,0.574,0.739,300.12211557000006,278.12207853819655,13.6877,14.7948,86.3123
DTE,Utilities,-0.7646004523874708,0.8292999555644982,11,110,-3.4912451337340342,-2.8881954545454547,-2.5809876033057852,1.6339455037511408,0.01,6,0.347,0.463,0.574,0.739,785.6956629830892,569.9441717814605,14.4125,15.7137,85.5875
DUK,Utilities,-3.911454712574388,0.0019521454559909333,3,118,-3.4870216863700767,-2.8863625166643136,-2.580009026141913,0.23900903781087082,0.1,6,0.347,0.463,0.574,0.739,999.0247725563567,886.4167404620961,12.2313,12.9523,87.7687
ECL,Materials,-0.6607708147802834,0.856650853985903,4,118,-3.4870216863700767,-2.8863625166643136,-2.580009026141913,1.7557447790631517,0.01,6,0.347,0.463,0.574,0.739,357.7192931580006,315.2513704147446,8.3196,8.678,91.6804
EIX,Utilities,-0.4828514869157027,0.8953196945181547,7,114,-3.489057523907491,-2.887246327182993,-2.5804808802708528,1.662346424535872,0.01,4,0.347,0.463,0.574,0.739,1223.5573287663567,1048.461206216842,23.6681,27.8819,76.3319
EMN,Materials,-1.323822906739106,0.6182040653467353,12,109,-3.49181775886872,-2.8884437992971588,-2.5811201893779985,1.5722923958846518,0.01,6,0.347,0.463,0.574,0.739,295.35861945269113,232.48565482527388,9.3089,9.9454,90.6911
EMR,Industrials,-2.0935287145531123,0.2471246873313545,7,114,-3.489057523907491,-2.887246327182993,-2.5804808802708528,0.5376187136149861,0.03319398342004816,6,0.347,0.463,0.574,0.739,587.1307102531603,524.6916933345236,12.2891,12.9529,87.7109
ES,Utilities,-0.025533717925122573,0.956368833405666,4,117,-3.487517288664615,-2.8865777180380032,-2.5801239192052012,1.3797748751258114,0.01,6,0.347,0.463,0.574,0.739,816.0449431209887,691.6530954912744,22.8272,26.6666,77.1728
ETN,Industrials,-0.1271568954515545,0.946665518992912,0,121,-3.485585145896754,-2.885738566292665,-2.5796759080663887,1.7381193172362484,0.01,6,0.347,0.463,0.574,0.739,976.2940893943545,810.128669056274,13.8646,14.3693,86.1354
ETR,Utilities,-3.0271790145942323,0.03243300472148379,7,114,-3.489057523907491,-2.887246327182993,-2.5804808802708528,1.3412373992367164,0.01,4,0.347,0.463,0.574,0.739,541.7786749098607,428.27284952682874,13.1078,14.3315,86.8922
EXC,Utilities,-1.6035484334006456,0.48181074648323036,3,118,-3.4870216863700767,-2.8863625166643136,-2.580009026141913,1.4334798686054984,0.01,6,0.347,0.463,0.574,0.739,5018.6929376434155,4620.651521472562,87.1812,57.3408,12.8188
F,Consumer Discretionary,-2.331745549068595,0.1619336803000842,4,118,-3.4870216863700767,-2.8863625166643136,-2.580009026141913,0.1758099916267413,0.1,5,0.347,0.463,0.574,0.739,8757.145484714172,7264.073944141478,18.194,18.329,81.806
FDX,Industrials,0.004249945541315489,0.9588821455477857,3,119,-3.4865346059036564,-2.8861509858476264,-2.579896092790057,1.7505401060154764,0.01,6,0.347,0.463,0.574,0.739,2581.2562703059675,2265.9911971720085,10.1741,10.1437,89.8259
FITB,Financial ,-0.8367958428970141,0.8080739620857177,7,115,-3.4885349695076844,-2.887019521656941,-2.5803597920604915,1.1634872277539783,0.01,6,0.347,0.463,0.574,0.739,484.56582485970034,416.38116288750064,17.9874,16.1087,82.0126
GD,Industrials,-0.3895494873511319,0.9118290707815506,10,112,-3.4901313156261384,-2.8877122815688776,-2.5807296460459184,1.7405083208385708,0.01,6,0.347,0.463,0.574,0.739,1208.8655787510834,963.9776527565057,8.153,8.5583,91.847
GE,Industrials,-0.2871014398856577,0.9273113919548398,3,119,-3.4865346059036564,-2.8861509858476264,-2.579896092790057,0.6404168705769486,0.018962102674822852,6,0.347,0.463,0.574,0.739,9032.119995364583,8105.546258433188,70.5393,47.5743,29.4607
GIS,Consumer Staples,-1.5562471087946155,0.505526218784191,11,111,-3.490683082754047,-2.8879516565798817,-2.5808574442009578,1.724116123522238,0.01,6,0.347,0.463,0.574,0.739,623.517763191811,564.7290816237465,11.5588,12.4083,88.4412
GL,Financial ,0.9450153535076043,0.993650546943718,3,118,-3.4870216863700767,-2.8863625166643136,-2.580009026141913,1.7417366607248244,0.01,6,0.347,0.463,0.574,0.739,233.3599168508199,206.9053809555702,14.7957,16.2681,85.2043
GLW,Information Technology,0.12900030876419125,0.9679862057821892,6,116,-3.4880216384691867,-2.8867966864160075,-2.5802408234244947,1.657944715877457,0.01,6,0.347,0.463,0.574,0.739,1168.6652743639297,1098.3192011882843,30.5492,36.6107,69.4508
GPC,Consumer Discretionary,2.74007438737958,1.0,11,111,-3.490683082754047,-2.8879516565798817,-2.5808574442009578,1.7765244699762122,0.01,6,0.347,0.463,0.574,0.739,1464.488301007358,1314.0557017749597,22.6415,26.1676,77.3585
GWW,Industrials,2.0073542469239567,0.9986824313726427,6,115,-3.4885349695076844,-2.887019521656941,-2.5803597920604915,1.7229550436279562,0.01,6,0.347,0.463,0.574,0.739,1136.9455875595286,990.1347885852342,23.807,28.0137,76.193
HAL,Energy,-2.9912124340371626,0.03572323770264074,4,118,-3.4870216863700767,-2.8863625166643136,-2.580009026141913,0.8912829168907597,0.01,6,0.347,0.463,0.574,0.739,968.6171351423625,807.7372507139308,19.4926,17.1834,80.5074
HAS,Consumer Discretionary,-1.233665820047783,0.6589485106851355,11,111,-3.490683082754047,-2.8879516565798817,-2.5808574442009578,3.542052656969754,0.01,0,0.347,0.463,0.574,0.739,297.88651076501924,247.7795967437739,20.3193,18.0593,79.6807
HD,Consumer Discretionary,0.3208642222729664,0.9782817334508286,11,111,-3.490683082754047,-2.8879516565798817,-2.5808574442009578,1.6381647393694823,0.01,6,0.347,0.463,0.574,0.739,10997.90303606931,10304.759931709354,25.6118,29.8274,74.3882
HES,Energy,-1.815890793239463,0.372601381987667,0,120,-3.486055829282407,-2.8859430324074076,-2.5797850694444446,0.3373108438617667,0.1,6,0.347,0.463,0.574,0.739,1129.418945438386,1003.4521091935721,38.8757,46.8692,61.1243
HIG,Financial ,-2.6406184853320154,0.08488942486900952,4,118,-3.4870216863700767,-2.8863625166643136,-2.580009026141913,0.7698333892640555,0.01,5,0.347,0.463,0.574,0.739,1278.9815776043338,1014.3825257149772,15.1955,17.1756,84.8045
HON,Industrials,-1.684888452127918,0.4389147363769574,3,119,-3.4865346059036564,-2.8861509858476264,-2.579896092790057,1.4939483377977838,0.01,6,0.347,0.463,0.574,0.739,894.7443245812524,706.0051282782963,7.4571,7.648,92.5429
HPQ,Information Technology,-1.4468591988899802,0.5596166885176528,4,118,-3.4870216863700767,-2.8863625166643136,-2.580009026141913,0.41443883617132804,0.07093153613304826,6,0.347,0.463,0.574,0.739,1387.8752459680318,1185.5620598155876,8.4823,8.1683,91.5177
HSY,Consumer Staples,2.5393302958890143,0.9990614454678706,11,110,-3.4912451337340342,-2.8881954545454547,-2.5809876033057852,1.6910425002252987,0.01,6,0.347,0.463,0.574,0.739,634.9419707281978,547.090031950108,20.3226,23.2325,79.6774
HUM,Healthcare,2.643957896417928,0.999081997855692,12,109,-3.49181775886872,-2.8884437992971588,-2.5811201893779985,1.6848727725415984,0.01,6,0.347,0.463,0.574,0.739,7325.963825430424,6446.903438983425,23.2764,26.9446,76.7236
HWM,Industrials,-1.966253197503374,0.3015630301907569,9,36,-3.626651907578875,-2.9459512825788754,-2.6116707716049383,0.7013074358548849,0.013426596740465011,3,0.347,0.463,0.574,0.739,287.0263918749559,271.89036122529853,13.655,14.7596,86.345
IBM,Information Technology,-0.5725497805274657,0.8770648033589266,11,111,-3.490683082754047,-2.8879516565798817,-2.5808574442009578,0.6226474861544338,0.020577501258687837,6,0.347,0.463,0.574,0.739,4900.058493402529,3907.6500034868013,41.5433,24.4818,58.4567
IFF,Materials,0.26697572862917607,0.9757775743028377,6,115,-3.4885349695076844,-2.887019521656941,-2.5803597920604915,1.2256055656733782,0.01,6,0.347,0.463,0.574,0.739,1526.5987894201664,1400.4877029246202,48.4307,67.549,51.5693
INTC,Information Technology,-1.7223344595510715,0.41964337930015005,3,119,-3.4865346059036564,-2.8861509858476264,-2.579896092790057,1.5758477660919599,0.01,6,0.347,0.463,0.574,0.739,5832.510939478344,5116.293532037705,37.2328,29.7701,62.7672
IP,Consumer Discretionary,-2.470693347208554,0.12276873795723658,2,119,-3.4865346059036564,-2.8861509858476264,-2.579896092790057,0.41963990577785276,0.06868969578540829,5,0.347,0.463,0.574,0.739,970.0236572906019,801.7592153459711,17.0748,15.3357,82.9252
IPG,Communication Services,-1.5225020105046896,0.5223520083906299,13,108,-3.4924012594942333,-2.8886968193364835,-2.5812552709190673,1.6398770552403883,0.01,6,0.347,0.463,0.574,0.739,240.19555365723994,184.4255511038552,7.5794,7.1695,92.4206
ITW,Industrials,-2.2208200244945475,0.1987759481548531,1,121,-3.485585145896754,-2.885738566292665,-2.5796759080663887,1.220996683466163,0.01,6,0.347,0.463,0.574,0.739,612.9542208708936,573.9587931365894,14.8861,15.9172,85.1139
JNJ,Healthcare,-0.8279135611484486,0.8107848643361837,1,121,-3.485585145896754,-2.885738566292665,-2.5796759080663887,1.8071267249955472,0.01,6,0.347,0.463,0.574,0.739,1690.5801285190607,1564.296305270148,7.0622,6.8908,92.9378
JPM,Financial ,0.9948250869178666,0.9942110460096202,1,121,-3.485585145896754,-2.885738566292665,-2.5796759080663887,1.449875953100743,0.01,6,0.347,0.463,0.574,0.739,26272.495419857598,20974.6298704119,32.6623,42.7375,67.3377
K,Consumer Staples,-1.859683526462743,0.3512583068661994,13,108,-3.4924012594942333,-2.8886968193364835,-2.5812552709190673,1.5450643568069202,0.01,6,0.347,0.463,0.574,0.739,226.5314626681961,180.44470697838824,5.212,5.299,94.788
KEY,Financial ,-0.4122673341033911,0.9080303354501879,2,120,-3.486055829282407,-2.8859430324074076,-2.5797850694444446,0.3617578669844176,0.09363885043775104,6,0.347,0.463,0.574,0.739,737.6878770319363,585.4558938625564,22.5716,27.165,77.4284
KMB,Consumer Staples,-4.937490387762246,2.9464560073274513e-05,0,121,-3.485585145896754,-2.885738566292665,-2.5796759080663887,1.5937867336417786,0.01,5,0.347,0.463,0.574,0.739,394.521314889458,366.17850619224,7.6395,7.7751,92.3605
KO,Consumer Staples,-1.1925532441624906,0.6767908866047923,12,110,-3.4912451337340342,-2.8881954545454547,-2.5809876033057852,1.4594415020697304,0.01,6,0.347,0.463,0.574,0.739,2566.9627390189976,2320.2956730960545,20.7322,23.1101,79.2678
KR,Consumer Staples,-0.5385568246148534,0.8842702632563841,13,105,-3.4942202045135513,-2.889485291005291,-2.5816762131519275,1.7848181136777348,0.01,6,0.347,0.463,0.574,0.739,4376.7906280775715,3295.5260417958025,8.6859,9.2801,91.3141
L,Financial ,-1.7058143169490938,0.4281192832219368,4,116,-3.4880216384691867,-2.8867966864160075,-2.5802408234244947,1.18383421682535,0.01,5,0.347,0.463,0.574,0.739,699.823324075814,552.6063831544113,12.9301,14.3362,87.0699
LIN,Materials,0.11867712898151096,0.9673133753413303,1,120,-3.486055829282407,-2.8859430324074076,-2.5797850694444446,1.455315993787376,0.01,6,0.347,0.463,0.574,0.739,1089.953955606069,1003.9421734041529,12.2582,13.1276,87.7418
LLY,Healthcare,2.1951033941506504,0.9988784518607524,4,117,-3.487517288664615,-2.8865777180380032,-2.5801239192052012,1.5371739711374093,0.01,6,0.347,0.463,0.574,0.739,4677.120243799493,3413.426773572066,28.5583,36.3727,71.4417
LMT,Industrials,0.5502791427121467,0.9863237740281711,6,116,-3.4880216384691867,-2.8867966864160075,-2.5802408234244947,1.746459301024904,0.01,6,0.347,0.463,0.574,0.739,1984.1876894933603,1696.2655719813604,9.4914,10.1214,90.5086
LOW,Consumer Discretionary,-0.6111347119109062,0.8684461364655314,13,109,-3.49181775886872,-2.8884437992971588,-2.5811201893779985,1.7635184174986134,0.01,6,0.347,0.463,0.574,0.739,4715.171187549059,4385.442931558986,18.835,21.07,81.165
LUV,Industrials,-0.7391916241625837,0.8363352363308738,5,117,-3.487517288664615,-2.8865777180380032,-2.5801239192052012,1.6616947791502155,0.01,6,0.347,0.463,0.574,0.739,2121.034216654294,1963.2056439570063,53.4161,41.1193,46.5839
MAS,Industrials,-2.5877319790377165,0.09555941968311232,8,113,-3.489589552580676,-2.887477210140433,-2.580604145195395,0.2905505583522336,0.1,6,0.347,0.463,0.574,0.739,240.38934478983063,198.93084002060957,10.0253,10.4416,89.9747
MCD,Consumer Discretionary,-1.7633304936033136,0.3988129688723013,9,112,-3.4901313156261384,-2.8877122815688776,-2.5807296460459184,1.2913553308763135,0.01,6,0.347,0.463,0.574,0.739,941.5091724906176,812.4434791477541,13.462,14.0455,86.538
MDT,Healthcare,-0.1603446657530389,0.9430863011719772,5,117,-3.487517288664615,-2.8865777180380032,-2.5801239192052012,1.8102769932693736,0.01,6,0.347,0.463,0.574,0.739,2746.2807231315305,2488.540364009354,30.79,26.1059,69.21
MMC,Financial ,1.7854991006903587,0.9983198190407266,12,110,-3.4912451337340342,-2.8881954545454547,-2.5809876033057852,1.5256085301626672,0.01,6,0.347,0.463,0.574,0.739,1372.8013314275115,1187.1098649009214,19.8075,22.5437,80.1925
MMM,Industrials,-1.6826901385171862,0.44005237924815965,0,122,-3.4851223522012855,-2.88553750045158,-2.5795685622144586,1.534393878693088,0.01,6,0.347,0.463,0.574,0.739,1380.42175666524,1217.312433214524,18.345,16.4999,81.655
MO,Consumer Staples,-1.3483861041041805,0.6067554065813563,5,116,-3.4880216384691867,-2.8867966864160075,-2.5802408234244947,1.3537892358226606,0.01,6,0.347,0.463,0.574,0.739,285.95876473691914,236.84481769536347,4.59,4.602,95.41
MRK,Healthcare,-1.217864611626555,0.665863984780845,1,120,-3.486055829282407,-2.8859430324074076,-2.5797850694444446,1.1517472698408213,0.01,6,0.347,0.463,0.574,0.739,2654.9892081589833,2416.126542803625,16.5861,17.7464,83.4139
MRO,Energy,-1.5792815393166935,0.49399215370820215,10,108,-3.4924012594942333,-2.8886968193364835,-2.5812552709190673,0.5587745437903312,0.028429156803979453,6,0.347,0.463,0.574,0.739,431.1809317296731,375.79002524814547,30.4401,27.42,69.5599
MS,Financial ,2.3557704279660823,0.9989879509750778,11,110,-3.4912451337340342,-2.8881954545454547,-2.5809876033057852,1.2811639982164393,0.01,6,0.347,0.463,0.574,0.739,10975.955139594214,8391.753619567611,37.8544,50.9414,62.1456
MSFT,Information Technology,3.5885473000985617,1.0,8,113,-3.489589552580676,-2.887477210140433,-2.580604145195395,1.5897195818693381,0.01,6,0.347,0.463,0.574,0.739,9938.156010554354,8435.317116959686,13.441,14.6669,86.559
MU,Information Technology,1.1182121140020718,0.9953690972475633,12,110,-3.4912451337340342,-2.8881954545454547,-2.5809876033057852,1.6117064647398875,0.01,6,0.347,0.463,0.574,0.739,3511.819013776166,2878.6672013118095,34.5442,42.4752,65.4558
NEE,Utilities,0.6103171679503071,0.9878671880901392,7,115,-3.4885349695076844,-2.887019521656941,-2.5803597920604915,1.6396239699420827,0.01,6,0.347,0.463,0.574,0.739,1777.1325679593563,1544.5994677650551,24.8643,26.9813,75.1357
NEM,Materials,0.4566633057094247,0.983494659463322,4,118,-3.4870216863700767,-2.8863625166643136,-2.580009026141913,1.5908735779948713,0.01,6,0.347,0.463,0.574,0.739,995.2841201537045,782.4211168092635,18.1522,19.7383,81.8478
NKE,Consumer Discretionary,-0.09861359869984639,0.9495764494650178,3,119,-3.4865346059036564,-2.8861509858476264,-2.579896092790057,1.7829107796720869,0.01,6,0.347,0.463,0.574,0.739,1785.0759160348134,1516.43531961112,13.6589,13.7834,86.3411
NOC,Industrials,-1.6565884865988325,0.45360663958762043,8,114,-3.489057523907491,-2.887246327182993,-2.5804808802708528,1.2581401227606213,0.01,6,0.347,0.463,0.574,0.739,712.6870168734448,600.0401503897593,5.9672,6.1947,94.0328
NSC,Industrials,-1.637615094713068,0.4635072450875348,0,122,-3.4851223522012855,-2.88553750045158,-2.5795685622144586,1.6453530576469615,0.01,6,0.347,0.463,0.574,0.739,350.0939589459049,318.04820063409886,10.7708,11.1592,89.2292
NTRS,Financial ,0.17657880149511723,0.9709169489761316,9,112,-3.4901313156261384,-2.8877122815688776,-2.5807296460459184,1.2546826525673278,0.01,6,0.347,0.463,0.574,0.739,1415.2375086044037,1072.0465355304043,31.7055,41.9305,68.2945
NUE,Materials,-0.9224664124007598,0.78048390627134,5,117,-3.487517288664615,-2.8865777180380032,-2.5801239192052012,1.591367822073883,0.01,6,0.347,0.463,0.574,0.739,3134.1488686589973,2841.791675193271,32.3692,38.8907,67.6308
OMC,Communication Services,-2.4539204972595376,0.12709216481672503,12,110,-3.4912451337340342,-2.8881954545454547,-2.5809876033057852,1.6212389933121758,0.01,6,0.347,0.463,0.574,0.739,382.36093194666165,289.10139745972486,7.796,7.9313,92.204
ORCL,Information Technology,0.5765049292127822,0.9870219693384368,8,114,-3.489057523907491,-2.887246327182993,-2.5804808802708528,1.796928150060524,0.01,6,0.347,0.463,0.574,0.739,2815.682471132508,2325.437745962578,16.9957,19.1092,83.0043
OXY,Energy,-2.5700589430570284,0.09934470684014413,0,121,-3.485585145896754,-2.885738566292665,-2.5796759080663887,0.9872205113826292,0.01,6,0.347,0.463,0.574,0.739,2270.525404510565,1950.8826427946547,27.7419,32.0786,72.2581
PCAR,Industrials,-1.5746460319263356,0.4963158797198236,0,122,-3.4851223522012855,-2.88553750045158,-2.5795685622144586,1.5783720625669198,0.01,6,0.347,0.463,0.574,0.739,2616.693914971499,2174.896024106337,29.6012,35.575,70.3988
PEG,Utilities,-2.029232322084376,0.27390462304903995,8,113,-3.489589552580676,-2.887477210140433,-2.580604145195395,0.5650945866310496,0.027005723731745576,6,0.347,0.463,0.574,0.739,437.29225971259814,347.48783121171283,13.2181,13.4544,86.7819
PEP,Consumer Staples,-0.10814938626038195,0.9486207491688531,8,114,-3.489057523907491,-2.887246327182993,-2.5804808802708528,1.7226473754294735,0.01,6,0.347,0.463,0.574,0.739,6179.714232725099,5408.736298945372,23.4016,27.2826,76.5984
PFE,Healthcare,-2.379786996722324,0.1475228339876012,12,109,-3.49181775886872,-2.8884437992971588,-2.5811201893779985,1.244507419023947,0.01,6,0.347,0.463,0.574,0.739,6529.256555479457,4835.139160750806,24.9079,29.715,75.0921
PG,Consumer Staples,-1.924534733324019,0.32060866769566343,8,114,-3.489057523907491,-2.887246327182993,-2.5804808802708528,1.3062773348798165,0.01,6,0.347,0.463,0.574,0.739,3271.4419230418844,3047.7290494997733,14.4774,15.7621,85.5226
PH,Industrials,0.5423548369617258,0.9861051441399201,10,111,-3.490683082754047,-2.8879516565798817,-2.5808574442009578,1.7080503727890446,0.01,6,0.347,0.463,0.574,0.739,1070.1009333678614,915.1422377075476,19.0095,21.464,80.9905
PHM,Consumer Discretionary,-1.3282876356751212,0.6161333948902586,4,118,-3.4870216863700767,-2.8863625166643136,-2.580009026141913,0.8693676795158298,0.01,6,0.347,0.463,0.574,0.739,1616.457180957039,1489.3646668345928,35.7361,44.6638,64.2639
PKI,Healthcare,-2.7129404556793695,0.07182564890901737,12,107,-3.492995948509562,-2.888954648057252,-2.58139291903223,1.2184956890917022,0.01,6,0.347,0.463,0.574,0.739,316.1369755393667,196.3928934027789,17.0247,21.0693,82.9753
PNC,Financial ,1.4509057246728552,0.9973335618296053,11,111,-3.490683082754047,-2.8879516565798817,-2.5808574442009578,1.6083122831338772,0.01,6,0.347,0.463,0.574,0.739,2565.2273215902487,2169.912284809309,27.7315,33.1903,72.2685
PNW,Utilities,-1.3860334689948066,0.5889532322867181,7,114,-3.489057523907491,-2.887246327182993,-2.5804808802708528,1.7567342092883962,0.01,3,0.347,0.463,0.574,0.739,412.1421697277469,352.5031307755684,28.8144,34.9532,71.1856
PPG,Materials,-1.2622426772766466,0.6462645368013014,6,115,-3.4885349695076844,-2.887019521656941,-2.5803597920604915,1.6731878862905125,0.01,6,0.347,0.463,0.574,0.739,616.0744847024191,535.0502019781584,14.0481,13.8719,85.9519
PPL,Utilities,-1.9773886145835218,0.2965745480657789,10,111,-3.490683082754047,-2.8879516565798817,-2.5808574442009578,1.0391194738885892,0.01,5,0.347,0.463,0.574,0.739,346.53072338714105,279.3042278468696,16.6222,15.1993,83.3778
QCOM,Information Technology,0.2857721898831946,0.9766822235234641,4,117,-3.487517288664615,-2.8865777180380032,-2.5801239192052012,1.7132459359214491,0.01,6,0.347,0.463,0.574,0.739,5315.020252822486,4987.53999538506,50.293,69.4904,49.707
ROK,Industrials,-5.307502117701201,5.283086582310058e-06,4,117,-3.487517288664615,-2.8865777180380032,-2.5801239192052012,0.36804559238595114,0.09092862397157278,5,0.347,0.463,0.574,0.739,383.2240222160301,332.4577652028489,16.09,17.6685,83.91
RTX,Industrials,-0.09624060634044025,0.949811698650171,5,117,-3.487517288664615,-2.8865777180380032,-2.5801239192052012,1.6720371556847773,0.01,6,0.347,0.463,0.574,0.739,7475.279195574948,6909.037378868073,35.8216,44.5499,64.1784
SHW,Materials,1.347132855268933,0.9968602273806454,12,110,-3.4912451337340342,-2.8881954545454547,-2.5809876033057852,1.6826352964367879,0.01,6,0.347,0.463,0.574,0.739,1057.4643595024693,930.5602355447669,16.0893,17.8492,83.9107
SLB,Energy,-1.592302631929489,0.4874590032250481,5,117,-3.487517288664615,-2.8865777180380032,-2.5801239192052012,1.2342441979884653,0.01,6,0.347,0.463,0.574,0.739,1611.5973834625283,1495.1771092382114,19.7176,20.3496,80.2824
SNA,Industrials,2.0998928574803544,0.9987894890444787,11,111,-3.490683082754047,-2.8879516565798817,-2.5808574442009578,1.7608572811433603,0.01,6,0.347,0.463,0.574,0.739,323.5778609960998,304.70994593530867,25.4405,29.491,74.5595
SO,Utilities,-0.05959321937111379,0.9533174211232256,7,114,-3.489057523907491,-2.887246327182993,-2.5804808802708528,1.697904718825336,0.01,6,0.347,0.463,0.574,0.739,1510.8584646867564,1301.4916474163645,19.0264,21.5303,80.9736
STT,Financial ,0.043681792956780846,0.9619988712457439,5,117,-3.487517288664615,-2.8865777180380032,-2.5801239192052012,1.5431359401505138,0.01,6,0.347,0.463,0.574,0.739,1713.167570136179,1381.8071939017375,26.7728,32.442,73.2272
SWK,Industrials,-0.44206711330364795,0.9028346132570015,4,117,-3.487517288664615,-2.8865777180380032,-2.5801239192052012,1.7233764550967146,0.01,6,0.347,0.463,0.574,0.739,352.4783576696266,284.50180186797945,7.1875,7.3282,92.8125
SYY,Consumer Staples,0.3056160515328384,0.9776006853335475,2,120,-3.486055829282407,-2.8859430324074076,-2.5797850694444446,1.7670053634693328,0.01,6,0.347,0.463,0.574,0.739,5111.224481706409,4808.859785464787,26.6395,29.2771,73.3605
TAP,Consumer Staples,-0.4599716644903902,0.8995939174470284,13,108,-3.4924012594942333,-2.8886968193364835,-2.5812552709190673,1.3873284140038062,0.01,6,0.347,0.463,0.574,0.739,563.2531203657687,468.83048478781296,15.8336,17.5703,84.1664
TGT,Consumer Staples,-0.8789857988554204,0.7948139079722943,8,114,-3.489057523907491,-2.887246327182993,-2.5804808802708528,1.7222261270545118,0.01,6,0.347,0.463,0.574,0.739,6489.3732289229765,6011.901714000177,22.658,25.9628,77.342
TJX,Consumer Discretionary,3.0109307777356262,1.0,11,111,-3.490683082754047,-2.8879516565798817,-2.5808574442009578,1.7717241422839836,0.01,6,0.347,0.463,0.574,0.739,2892.5144844791353,2530.0089905378813,23.1437,22.1231,76.8563
TROW,Financial ,0.5916871361992652,0.9874089290282998,9,112,-3.4901313156261384,-2.8877122815688776,-2.5807296460459184,1.7464209838910152,0.01,6,0.347,0.463,0.574,0.739,153.98586211343618,113.55991386090548,6.4629,6.6903,93.5371
TXN,Information Technology,-0.7095224671625883,0.8442675616755944,10,112,-3.4901313156261384,-2.8877122815688776,-2.5807296460459184,1.3565755115897526,0.01,6,0.347,0.463,0.574,0.739,1058.0396271337063,968.715276731623,21.1249,24.0048,78.8751
TXT,Industrials,-2.7007583196255958,0.0739071385269563,4,117,-3.487517288664615,-2.8865777180380032,-2.5801239192052012,1.1515906600280679,0.01,5,0.347,0.463,0.574,0.739,311.680981430568,244.9411565468096,7.6588,7.4796,92.3412
UNH,Healthcare,3.4035393464895454,1.0,8,114,-3.489057523907491,-2.887246327182993,-2.5804808802708528,1.688933624175044,0.01,6,0.347,0.463,0.574,0.739,3224.6843595829105,2719.2696732103086,3.0344,3.0194,96.9656
UNM,Financial ,-3.4726163531132914,0.008718852951351988,7,114,-3.489057523907491,-2.887246327182993,-2.5804808802708528,1.1908752243819842,0.01,6,0.347,0.463,0.574,0.739,661.2546947086335,297.8549220196482,401.9647,13.2018,-301.9647
UNP,Industrials,-1.3454935379596704,0.6081106878769791,0,122,-3.4851223522012855,-2.88553750045158,-2.5795685622144586,1.7566178292039747,0.01,6,0.347,0.463,0.574,0.739,782.6444869119143,730.0894446279999,12.3034,12.9844,87.6966
VZ,Communication Services,-3.010927583947806,0.033886426816570475,13,108,-3.4924012594942333,-2.8886968193364835,-2.5812552709190673,1.729377927951707,0.01,6,0.347,0.463,0.574,0.739,1217.803535473318,961.2513880485983,2.9257,2.8722,97.0743
WBA,Healthcare,0.4695330987763461,0.9839170629317785,2,119,-3.4865346059036564,-2.8861509858476264,-2.579896092790057,1.8088354972231018,0.01,6,0.347,0.463,0.574,0.739,2894.309219558812,2436.0198639823607,6.9024,6.8837,93.0976
WFC,Financial ,-0.9969911872081173,0.7543601139744683,0,122,-3.4851223522012855,-2.88553750045158,-2.5795685622144586,1.6891037262824042,0.01,6,0.347,0.463,0.574,0.739,6981.034124808437,5867.869787874897,20.3227,23.004,79.6773
WM,Industrials,-1.5586808769099958,0.5043091804432138,4,118,-3.4870216863700767,-2.8863625166643136,-2.580009026141913,1.3285886000420053,0.01,6,0.347,0.463,0.574,0.739,1802.683484066901,1586.618330954039,28.3071,34.115,71.6929
WMB,Energy,-4.41860721693747,0.0002751164802216306,2,119,-3.4865346059036564,-2.8861509858476264,-2.579896092790057,0.25578088426264617,0.1,5,0.347,0.463,0.574,0.739,656.9804510919643,588.0094805993472,21.4929,24.4572,78.5071
WMT,Consumer Staples,-0.4074688597755613,0.9088442565612347,9,113,-3.489589552580676,-2.887477210140433,-2.580604145195395,1.813646537360508,0.01,6,0.347,0.463,0.574,0.739,26377.42108683009,22362.337507939206,13.4014,14.7252,86.5986
WY,Real Estate,-1.887333905619651,0.3380429000572099,5,116,-3.4880216384691867,-2.8867966864160075,-2.5802408234244947,0.7956185621212515,0.01,6,0.347,0.463,0.574,0.739,598.4636348870284,431.0001253423333,18.1909,21.2546,81.8091
XEL,Utilities,-2.6171112866598576,0.08951203108710726,4,117,-3.487517288664615,-2.8865777180380032,-2.5801239192052012,1.1903596878849068,0.01,6,0.347,0.463,0.574,0.739,610.2869635792488,533.8005505253115,15.0414,16.5166,84.9586
XOM,Energy,-2.476829117411809,0.1212143139733286,0,121,-3.485585145896754,-2.885738566292665,-2.5796759080663887,0.5883230490762683,0.023697904629430153,6,0.347,0.463,0.574,0.739,22308.856831658308,19965.598284576456,26.8704,28.1608,73.1296
