date,symbol,reportedCurrency,cik,fillingDate,acceptedDate,calendarYear,period,revenue,costOfRevenue,grossProfit,grossProfitRatio,researchAndDevelopmentExpenses,generalAndAdministrativeExpenses,sellingAndMarketingExpenses,sellingGeneralAndAdministrativeExpenses,otherExpenses,operatingExpenses,costAndExpenses,interestIncome,interestExpense,depreciationAndAmortization,ebitda,ebitdaratio,operatingIncome,operatingIncomeRatio,totalOtherIncomeExpensesNet,incomeBeforeTax,incomeBeforeTaxRatio,incomeTaxExpense,netIncome,netIncomeRatio,eps,epsdiluted,weightedAverageShsOut,weightedAverageShsOutDil,link,finalLink,totalAssets,totalEquity,sector,industry,exchangeShortName,ipoDate
1995-03-31,PHM,USD,0000822416,1995-03-31,1995-03-31 00:00:00,1995,Q1,332900000,332400000,500000,0.0015019525,0,0,0,0,1200000,1200000,333600000,0,0,1200000,500000,0.0015019525,-700000,-0.0021027336,0,-700000,-0.0021027336,-300000,3500000,0.0105136678,0.015,0.015,233333333,233333333,,,1907000000,708200000,Consumer Cyclical,Residential Construction,NYSE,1980-03-17
1995-06-30,PHM,USD,0000822416,1995-06-30,1995-06-30 00:00:00,1995,Q2,485500000,466900000,18600000,0.0383110196,0,0,0,0,2500000,2500000,469400000,0,0,2300000,18600000,0.0383110196,16100000,0.033161689,-100000,16000000,0.0329557158,6500000,10700000,0.0220391349,0.0475,0.0475,225263158,225263158,,,1962100000,709900000,Consumer Cyclical,Residential Construction,NYSE,1980-03-17
1995-09-30,PHM,USD,0000822416,1995-09-30,1995-09-30 00:00:00,1995,Q3,543300000,514000000,29300000,0.0539296889,0,0,0,0,2100000,2100000,516100000,0,0,2300000,29500000,0.0542978097,27200000,0.0500644211,100000,27300000,0.0502484815,11000000,18800000,0.0346033499,0.0875,0.0875,214857143,214857143,,,1906300000,734700000,Consumer Cyclical,Residential Construction,NYSE,1980-03-17
1995-12-31,PHM,USD,0000822416,1995-12-31,1995-12-31 00:00:00,1995,Q4,667400000,627500000,39900000,0.0597842373,0,0,0,0,500000,500000,628000000,0,0,500000,39900000,0.0597842373,39400000,0.0590350614,100000,39500000,0.0591848966,16000000,25400000,0.0380581361,0.12,0.12,214857143,214857143,,,2048500000,761000000,Consumer Cyclical,Residential Construction,NYSE,1980-03-17
1996-03-31,PHM,USD,0000822416,1996-05-14,1996-05-14 00:00:00,1996,Q1,432500000,422300000,10200000,0.023583815,0,0,0,0,1600000,1600000,423900000,0,0,1600000,10200000,0.023583815,8600000,0.0198843931,0,8600000,0.0198843931,3500000,7100000,0.016416185,0.035,0.035,202857143,202857143,https://www.sec.gov/Archives/edgar/data/822416/000095000996000238/0000950009-96-000238-index.html,https://www.sec.gov/Archives/edgar/data/822416/,1921000000,754100000,Consumer Cyclical,Residential Construction,NYSE,1980-03-17
1996-06-30,PHM,USD,0000822416,1996-08-13,1996-08-13 00:00:00,1996,Q2,588400000,559100000,29300000,0.0497960571,0,0,0,0,1700000,1700000,560800000,0,0,1700000,29300000,0.0497960571,27600000,0.0469068661,0,27600000,0.0469068661,11200000,18200000,0.0309313392,0.09,0.09,202857143,202857143,https://www.sec.gov/Archives/edgar/data/822416/000095000996000376/0000950009-96-000376-index.html,https://www.sec.gov/Archives/edgar/data/822416/,1851100000,716000000,Consumer Cyclical,Residential Construction,NYSE,1980-03-17
1996-09-30,PHM,USD,0000822416,1996-11-13,1996-11-13 00:00:00,1996,Q3,625200000,595600000,29600000,0.0473448496,0,0,0,0,2200000,2200000,597800000,0,0,2200000,29600000,0.0473448496,27400000,0.0438259757,0,27400000,0.0438259757,11000000,127600000,0.2040946897,0.66,0.66,202857143,202857143,https://www.sec.gov/Archives/edgar/data/822416/000095000996000508/0000950009-96-000508-index.html,https://www.sec.gov/Archives/edgar/data/822416/,1948600000,809300000,Consumer Cyclical,Residential Construction,NYSE,1980-03-17
1996-12-31,PHM,USD,0000822416,1997-03-06,1997-03-06 00:00:00,1996,Q4,738300000,698100000,40200000,0.0544494108,0,0,0,0,1200000,1200000,699300000,0,0,1200000,40200000,0.0544494108,39000000,0.0528240553,-100000,38900000,0.052688609,13600000,26700000,0.0361641609,0.15,0.15,176000000,176000000,https://www.sec.gov/Archives/edgar/data/822416/000095000997000127/0000950009-97-000127-index.html,https://www.sec.gov/Archives/edgar/data/822416/,1985100000,829300000,Consumer Cyclical,Residential Construction,NYSE,1980-03-17
1997-03-31,PHM,USD,0000822416,1997-05-06,1997-05-06 00:00:00,1997,Q1,431700000,429400000,2300000,0.0053277739,0,0,0,0,300000,300000,429700000,0,0,300000,2300000,0.0053277739,2000000,0.0046328469,0,2000000,0.0046328469,800000,2200000,0.0050961316,0.0125,0.0125,176000000,176000000,https://www.sec.gov/Archives/edgar/data/822416/000088969797000038/0000889697-97-000038-index.html,https://www.sec.gov/Archives/edgar/data/822416/,1878500000,832900000,Consumer Cyclical,Residential Construction,NYSE,1980-03-17
1997-06-30,PHM,USD,0000822416,1997-08-13,1997-08-13 00:00:00,1997,Q2,576300000,552400000,23900000,0.0414714558,0,0,0,0,3300000,3300000,555700000,0,0,3300000,23900000,0.0414714558,20600000,0.0357452716,0,20600000,0.0357452716,7900000,13900000,0.0241193823,0.0825,0.0825,168484848,168484848,https://www.sec.gov/Archives/edgar/data/822416/000088969797000185/0000889697-97-000185-index.html,https://www.sec.gov/Archives/edgar/data/822416/,1972700000,771000000,Consumer Cyclical,Residential Construction,NYSE,1980-03-17
1997-09-30,PHM,USD,0000822416,1997-11-14,1997-11-14 00:00:00,1997,Q3,669900000,638100000,31800000,0.0474697716,0,0,0,0,1600000,1600000,639700000,0,0,1600000,31800000,0.0474697716,30200000,0.0450813554,0,30200000,0.0450813554,11600000,19700000,0.0294073742,0.12,0.12,171304348,171304348,https://www.sec.gov/Archives/edgar/data/822416/000088969797000245/0000889697-97-000245-index.html,https://www.sec.gov/Archives/edgar/data/822416/,2015800000,794900000,Consumer Cyclical,Residential Construction,NYSE,1980-03-17
1997-12-31,PHM,USD,0000822416,1998-03-13,1998-03-13 00:00:00,1997,Q4,846100000,815300000,30800000,0.0364023165,0,0,0,0,2600000,2600000,817900000,0,0,2600000,30800000,0.0364023165,28200000,0.0333293937,0,28200000,0.0333293937,10900000,17000000,0.0200921877,0.1,0.1,167407407,167407407,https://www.sec.gov/Archives/edgar/data/822416/000088969798000110/0000889697-98-000110-index.html,https://www.sec.gov/Archives/edgar/data/822416/,2150800000,812800000,Consumer Cyclical,Residential Construction,NYSE,1980-03-17
1998-03-31,PHM,USD,0000822416,1998-05-15,1998-05-15 00:00:00,1998,Q1,520600000,503200000,17400000,0.0334229735,0,0,0,0,1700000,1700000,504900000,0,0,1700000,17400000,0.0334229735,15700000,0.0301575106,2200000,17900000,0.0343834038,7000000,11300000,0.0217057242,0.0675,0.065,167407407,173846154,https://www.sec.gov/Archives/edgar/data/822416/000088969798000212/0000889697-98-000212-index.html,https://www.sec.gov/Archives/edgar/data/822416/,2075200000,824100000,Consumer Cyclical,Residential Construction,NYSE,1980-03-17
1998-06-30,PHM,USD,0000822416,1998-08-13,1998-08-13 00:00:00,1998,Q2,679700000,641100000,38600000,0.0567897602,0,0,0,0,100000,100000,641200000,0,0,100000,38600000,0.0567897602,38500000,0.0566426365,100000,38600000,0.0567897602,15000000,23800000,0.035015448,0.14,0.14,173090909,176296296,https://www.sec.gov/Archives/edgar/data/822416/000088969798000261/0000889697-98-000261-index.html,https://www.sec.gov/Archives/edgar/data/822416/,2200100000,856800000,Consumer Cyclical,Residential Construction,NYSE,1980-03-17
1998-09-30,PHM,USD,0000822416,1998-11-13,1998-11-13 00:00:00,1998,Q3,759300000,707200000,52100000,0.0686158304,0,0,0,0,2400000,2400000,709600000,0,0,2400000,52100000,0.0686158304,49700000,0.0654550244,-3000000,46700000,0.0615040169,18200000,28600000,0.0376662716,0.17,0.16,173333333,178750000,https://www.sec.gov/Archives/edgar/data/822416/000088969798000340/0000889697-98-000340-index.html,https://www.sec.gov/Archives/edgar/data/822416/,2292900000,883000000,Consumer Cyclical,Residential Construction,NYSE,1980-03-17
1998-12-31,PHM,USD,0000822416,1999-03-12,1999-03-12 00:00:00,1998,Q4,906900000,844000000,62900000,0.0693571507,0,0,0,0,800000,800000,844800000,0,0,800000,62900000,0.0693571507,62100000,0.0684750248,400000,62500000,0.0689160878,24400000,38400000,0.0423420443,0.22,0.22,171257514,174285714,https://www.sec.gov/Archives/edgar/data/822416/000088969799000038/0000889697-99-000038-index.html,https://www.sec.gov/Archives/edgar/data/822416/,2349800000,921400000,Consumer Cyclical,Residential Construction,NYSE,1980-03-17
1999-03-31,PHM,USD,0000822416,1999-05-11,1999-05-11 00:00:00,1999,Q1,682467000,641600000,40867000,0.0598812836,0,0,0,0,3100000,3100000,644700000,0,0,3100000,40867000,0.0598812836,37767000,0.0553389395,1833000,39600000,0.0580247836,15600000,24400000,0.0357526445,0.14,0.14,174285714,177454545,https://www.sec.gov/Archives/edgar/data/822416/000088969799000090/0000889697-99-000090-index.html,https://www.sec.gov/Archives/edgar/data/822416/,2299900000,944600000,Consumer Cyclical,Residential Construction,NYSE,1980-03-17
1999-06-30,PHM,USD,0000822416,1999-08-16,1999-08-16 00:00:00,1999,Q2,834152000,773400000,60752000,0.072830851,0,0,0,0,3000000,3000000,776400000,0,0,3000000,60752000,0.072830851,57752000,0.0692343841,348000,58100000,0.0696515743,21000000,37200000,0.0445961887,0.22,0.21,173023256,175058824,https://www.sec.gov/Archives/edgar/data/822416/000088969799000137/0000889697-99-000137-index.html,https://www.sec.gov/Archives/edgar/data/822416/000088969799000137/,2467600000,980200000,Consumer Cyclical,Residential Construction,NYSE,1980-03-17
1999-09-30,PHM,USD,0000822416,1999-11-12,1999-11-12 00:00:00,1999,Q3,973100000,895300000,77800000,0.0799506731,0,0,0,0,2500000,2500000,897800000,0,0,2500000,77800000,0.0799506731,75300000,0.0773815641,700000,76000000,0.0781009146,28500000,47100000,0.0484020142,0.27,0.27,172844037,176074766,https://www.sec.gov/Archives/edgar/data/822416/000088969799000177/0000889697-99-000177-index.html,https://www.sec.gov/Archives/edgar/data/822416/000088969799000177/,2619100000,1024100000,Consumer Cyclical,Residential Construction,NYSE,1980-03-17
1999-12-31,PHM,USD,0000822416,2000-03-02,2000-03-02 00:00:00,1999,Q4,1240600000,1127000000,113600000,0.0915685958,0,0,0,0,4900000,4900000,1131900000,0,0,4900000,113600000,0.0915685958,108700000,0.0876188941,4100000,112800000,0.0909237466,43000000,69700000,0.0561824923,0.41,0.41,170784000,170784000,https://www.sec.gov/Archives/edgar/data/822416/000088969700000039/0000889697-00-000039-index.html,https://www.sec.gov/Archives/edgar/data/822416/000088969700000039/,2596800000,1093300000,Consumer Cyclical,Residential Construction,NYSE,1980-03-17
2000-03-31,PHM,USD,0000822416,2000-05-15,2000-05-15 00:00:00,2000,Q1,775819000,733262000,42557000,0.0548542895,0,0,0,0,3626000,3626000,736888000,0,0,3626000,42557000,0.0548542895,38931000,0.0501805189,531000,39462000,0.0508649569,15193000,24336000,0.0313681413,0.14,0.14,170784000,171484000,https://www.sec.gov/Archives/edgar/data/822416/000088969700000100/0000889697-00-000100-index.html,https://www.sec.gov/Archives/edgar/data/822416/000088969700000100/,2694078000,1096254000,Consumer Cyclical,Residential Construction,NYSE,1980-03-17
2000-06-30,PHM,USD,0000822416,2000-08-14,2000-08-14 00:00:00,2000,Q2,982584000,902828000,79756000,0.0811696506,0,0,0,0,3905000,3905000,906733000,0,0,3905000,79756000,0.0811696506,75851000,0.0771954357,1639000,77490000,0.0788634865,29830000,47692000,0.0485373261,0.29,0.29,164212000,166276000,https://www.sec.gov/Archives/edgar/data/822416/000095012400004998/0000950124-00-004998-index.htm,https://www.sec.gov/Archives/edgar/data/822416/000095012400004998/e10-q.txt,2823594000,1107264000,Consumer Cyclical,Residential Construction,NYSE,1980-03-17
2000-09-30,PHM,USD,0000822416,2000-11-14,2000-11-14 00:00:00,2000,Q3,1053883000,955079000,98804000,0.0937523425,0,0,0,0,2171000,2171000,957250000,0,0,2171000,98804000,0.0937523425,96633000,0.0916923416,2317000,98950000,0.0938908778,38091000,30892000,0.0293125518,0.19,0.19,161904000,166108000,https://www.sec.gov/Archives/edgar/data/822416/000095012400006856/0000950124-00-006856-index.htm,https://www.sec.gov/Archives/edgar/data/822416/000095012400006856/k58518e10-q.txt,2895846000,1139535000,Consumer Cyclical,Residential Construction,NYSE,1980-03-17
2000-12-31,PHM,USD,0000822416,2001-03-09,2001-03-09 00:00:00,2000,Q4,1346765000,1204011000,142754000,0.1059977056,0,0,0,0,4528000,4528000,1208539000,0,0,4528000,142754000,0.1059977056,138226000,0.1026355749,968000,139194000,0.1033543343,53598000,85593000,0.0635545177,0.51,0.51,164100000,167180000,https://www.sec.gov/Archives/edgar/data/822416/000095012401001198/0000950124-01-001198-index.htm,https://www.sec.gov/Archives/edgar/data/822416/000095012401001198/k60699e10-k405.htm,2886483000,1247931000,Consumer Cyclical,Residential Construction,NYSE,1980-03-17
2001-03-31,PHM,USD,0000822416,2001-05-15,2001-05-15 00:00:00,2001,Q1,840475000,779673000,60802000,0.0723424254,0,0,0,0,0,0,779673000,0,0,5045000,65847000,0.0783449835,60802000,0.0723424254,2806000,63608000,0.0756810137,24489000,39371000,0.0468437491,0.24,0.23,167180000,171996000,https://www.sec.gov/Archives/edgar/data/822416/000095012401501225/0000950124-01-501225-index.htm,https://www.sec.gov/Archives/edgar/data/822416/000095012401501225/k62537e10-q.htm,3042911000,1295611000,Consumer Cyclical,Residential Construction,NYSE,1980-03-17
2001-06-30,PHM,USD,0000822416,2001-08-14,2001-08-14 00:00:00,2001,Q2,1058722000,966073000,92649000,0.0875102246,0,0,0,0,0,0,966073000,0,0,4892000,97541000,0.0921308899,92649000,0.0875102246,5918000,98567000,0.0930999828,37948000,59794000,0.0564775267,0.36,0.35,167948000,173460000,https://www.sec.gov/Archives/edgar/data/822416/000095012401502883/0000950124-01-502883-index.htm,https://www.sec.gov/Archives/edgar/data/822416/000095012401502883/k64570e10-q.htm,3227565000,1359370000,Consumer Cyclical,Residential Construction,NYSE,1980-03-17
2001-09-30,PHM,USD,0000822416,2001-11-14,2001-11-14 00:00:00,2001,Q3,1481935000,1347659000,134276000,0.0906085625,0,0,0,0,0,0,1347659000,0,0,10687000,144963000,0.0978200798,134276000,0.0906085625,947000,135223000,0.0912475918,52072000,82787000,0.0558641236,0.39,0.38,213684000,218072000,https://www.sec.gov/Archives/edgar/data/822416/000095012401504078/0000950124-01-504078-index.htm,https://www.sec.gov/Archives/edgar/data/822416/000095012401504078/k66124e10-q.htm,5721365000,2169883000,Consumer Cyclical,Residential Construction,NYSE,1980-03-17
2001-12-31,PHM,USD,0000822416,2002-03-08,2002-03-08 00:00:00,2001,Q4,2002120000,1750235000,251885000,0.1258091423,0,0,0,0,59662000,59662000,1809897000,0,0,12252000,204475000,0.102129243,192223000,0.0960097297,2166000,194389000,0.0970915829,74853000,119441000,0.0596572633,0.5,0.5,236240000,239452000,https://www.sec.gov/Archives/edgar/data/822416/000095012402000710/0000950124-02-000710-index.htm,https://www.sec.gov/Archives/edgar/data/822416/000095012402000710/k67605e10-k.htm,5714276000,2276665000,Consumer Cyclical,Residential Construction,NYSE,1980-03-17
2002-03-31,PHM,USD,0000822416,2002-05-09,2002-05-09 09:55:58,2002,Q1,1378741000,1269892000,108849000,0.0789481128,0,0,0,0,0,0,1269892000,0,0,10988000,119837000,0.0869177025,108849000,0.0789481128,3685000,112534000,0.081620841,43894000,68112000,0.0494015917,0.28,0.28,239452000,245888000,https://www.sec.gov/Archives/edgar/data/822416/000095012402001628/0000950124-02-001628-index.htm,https://www.sec.gov/Archives/edgar/data/822416/000095012402001628/k69441e10-q.htm,5608028000,2376450000,Consumer Cyclical,Residential Construction,NYSE,1980-03-17
2002-06-30,PHM,USD,0000822416,2002-08-14,2002-08-14 15:20:36,2002,Q2,1685563000,1540585000,144978000,0.0860116175,0,0,0,0,0,0,1540585000,0,0,10131000,150742000,0.0894312464,144978000,0.0860116175,3244000,148222000,0.087936197,57814000,90203000,0.053515057,0.37,0.36,242000000,249436000,https://www.sec.gov/Archives/edgar/data/822416/000095012402002750/0000950124-02-002750-index.htm,https://www.sec.gov/Archives/edgar/data/822416/000095012402002750/k71333e10vq.htm,6107163000,2467998000,Consumer Cyclical,Residential Construction,NYSE,1980-03-17
2002-09-30,PHM,USD,0000822416,2002-11-13,2002-11-13 15:25:29,2002,Q3,1859506000,1675702000,183804000,0.0988456074,0,0,0,0,0,0,1675702000,0,0,2105000,190276000,0.1023261017,183804000,0.0988456074,2290000,186094000,0.1000771173,72585000,123446000,0.0663864489,0.51,0.5,243168000,247800000,https://www.sec.gov/Archives/edgar/data/822416/000095012402003498/0000950124-02-003498-index.htm,https://www.sec.gov/Archives/edgar/data/822416/000095012402003498/k72418e10vq.htm,6319157000,2592904000,Consumer Cyclical,Residential Construction,NYSE,1980-03-17
2002-12-31,PHM,USD,0000822416,2003-03-11,2003-03-11 15:26:52,2002,Q4,2548009000,2160487000,387522000,0.1520881598,0,0,0,0,63170000,63170000,2223657000,0,0,6560000,330912000,0.1298708129,324352000,0.1272962537,-42380000,281972000,0.1106636594,109928000,171884000,0.0674581605,0.71,0.71,242668000,242668000,https://www.sec.gov/Archives/edgar/data/822416/000095012403000575/0000950124-03-000575-index.htm,https://www.sec.gov/Archives/edgar/data/822416/000095012403000575/k74376e10vk.htm,6888455000,2760426000,Consumer Cyclical,Residential Construction,NYSE,1980-03-17
2003-03-31,PHM,USD,0000822416,2003-05-12,2003-05-12 09:42:51,2003,Q1,1552590000,1422091000,130499000,0.0840524543,0,0,0,0,0,0,1422091000,0,0,7528000,138830000,0.0894183268,130499000,0.0840524543,8660000,139159000,0.0896302308,52858000,86137000,0.0554795535,0.36,0.35,242668000,248076000,https://www.sec.gov/Archives/edgar/data/822416/000095012403001635/0000950124-03-001635-index.htm,https://www.sec.gov/Archives/edgar/data/822416/000095012403001635/k76820e10vq.htm,6802880000,2831058000,Consumer Cyclical,Residential Construction,NYSE,1980-03-17
2003-06-30,PHM,USD,0000822416,2003-08-06,2003-08-06 08:59:58,2003,Q2,1958185000,1765827000,192358000,0.0982328023,0,0,0,0,0,0,1765827000,0,0,11130000,202685000,0.1035065635,192358000,0.0982328023,4475000,196833000,0.1005180818,74833000,121717000,0.0621580698,0.5,0.49,242736000,249888000,https://www.sec.gov/Archives/edgar/data/822416/000095012403002566/0000950124-03-002566-index.htm,https://www.sec.gov/Archives/edgar/data/822416/000095012403002566/k78714e10vq.htm,7329016000,2984080000,Consumer Cyclical,Residential Construction,NYSE,1980-03-17
2003-09-30,PHM,USD,0000822416,2003-11-05,2003-11-05 11:54:59,2003,Q3,2399803000,2151697000,248106000,0.1033859863,0,0,0,0,0,0,2151697000,0,0,10365000,258816000,0.1078488526,248106000,0.1033859863,11559000,259665000,0.1082026316,98630000,168886000,0.0703749433,0.69,0.67,244496000,251556000,https://www.sec.gov/Archives/edgar/data/822416/000095012403003436/0000950124-03-003436-index.htm,https://www.sec.gov/Archives/edgar/data/822416/000095012403003436/k80549e10vq.htm,7874203000,3153260000,Consumer Cyclical,Residential Construction,NYSE,1980-03-17
2003-12-31,PHM,USD,0000822416,2004-02-27,2004-02-27 14:07:28,2003,Q4,3138348000,2620533000,517815000,0.1649960425,0,0,0,0,78632000,78632000,2699165000,0,0,11137000,450320000,0.1434895047,439183000,0.1399408224,-39184000,399999000,0.1274552726,152013000,247894000,0.0789886909,0.99,0.99,246912000,250602000,https://www.sec.gov/Archives/edgar/data/822416/000095012404000578/0000950124-04-000578-index.htm,https://www.sec.gov/Archives/edgar/data/822416/000095012404000578/k82512e10vk.htm,8063352000,3448123000,Consumer Cyclical,Residential Construction,NYSE,1980-03-17
2004-03-31,PHM,USD,0000822416,2004-05-06,2004-05-06 08:51:06,2004,Q1,2031732000,1825782000,205950000,0.1013667157,0,0,0,0,0,0,1825782000,0,0,10160000,216110000,0.1063673752,205950000,0.1013667157,7223000,212624000,0.1046515978,80787000,131629000,0.0647865959,0.53,0.51,250602000,257658000,https://www.sec.gov/Archives/edgar/data/822416/000095012404002084/0000950124-04-002084-index.htm,https://www.sec.gov/Archives/edgar/data/822416/000095012404002084/k84930e10vq.htm,8354127000,3624731000,Consumer Cyclical,Residential Construction,NYSE,1980-03-17
2004-06-30,PHM,USD,0000822416,2004-08-04,2004-08-04 08:54:31,2004,Q2,2515158000,2221582000,293576000,0.116722687,0,0,0,0,0,0,2221582000,0,0,11866000,305442000,0.1214404821,293576000,0.116722687,10383000,302732000,0.120363015,115023000,187603000,0.0745889523,0.75,0.73,252508000,258712000,https://www.sec.gov/Archives/edgar/data/822416/000095012404003549/0000950124-04-003549-index.htm,https://www.sec.gov/Archives/edgar/data/822416/000095012404003549/k86650e10vq.htm,8944688000,3811349000,Consumer Cyclical,Residential Construction,NYSE,1980-03-17
2004-09-30,PHM,USD,0000822416,2004-11-03,2004-11-03 10:50:42,2004,Q3,2959805000,2557982000,401823000,0.1357599572,0,0,0,0,0,0,2557982000,0,0,12015000,413838000,0.1398193462,401823000,0.1357599572,16146000,418011000,0.1412292364,158861000,269936000,0.0912006027,1.07,1.03,253133000,260970000,https://www.sec.gov/Archives/edgar/data/822416/000095012404005265/0000950124-04-005265-index.htm,https://www.sec.gov/Archives/edgar/data/822416/000095012404005265/k88687e10vq.htm,10087060000,4102610000,Consumer Cyclical,Residential Construction,NYSE,1980-03-17
2004-12-31,PHM,USD,0000822416,2005-03-10,2005-03-10 13:46:29,2004,Q4,4186462000,3453220000,733242000,0.1751459825,0,0,0,0,92434000,92434000,3545654000,0,0,12255000,653063000,0.1559940112,640808000,0.1530667184,26362000,667170000,0.1593636823,247858000,397373000,0.0949185732,1.56,1.56,254868000,254868000,https://www.sec.gov/Archives/edgar/data/822416/000095012405001416/0000950124-05-001416-index.htm,https://www.sec.gov/Archives/edgar/data/822416/000095012405001416/k91896e10vk.htm,10406897000,4522274000,Consumer Cyclical,Residential Construction,NYSE,1980-03-17
2005-03-31,PHM,USD,0000822416,2005-05-06,2005-05-06 12:13:46,2005,Q1,2517818000,2161714000,356104000,0.1414335746,0,0,0,24004000,0,24004000,2185718000,0,0,13733000,345833000,0.1373542488,332100000,0.1318999229,14797000,348170000,0.1382824334,129850000,218242000,0.0866790213,0.86,0.83,254868000,262753000,https://www.sec.gov/Archives/edgar/data/822416/000095012405003039/0000950124-05-003039-index.htm,https://www.sec.gov/Archives/edgar/data/822416/000095012405003039/k94826e10vq.htm,10901107000,4769867000,Consumer Cyclical,Residential Construction,NYSE,1980-03-17
2005-06-30,PHM,USD,0000822416,2005-08-04,2005-08-04 10:42:53,2005,Q2,3250945000,2758608000,492337000,0.1514442724,0,0,0,0,0,0,2758608000,0,0,14965000,507302000,0.1560475493,492337000,0.1514442724,-6515000,484445000,0.1490166705,180680000,303711000,0.0934223741,1.19,1.15,255874000,263677000,https://www.sec.gov/Archives/edgar/data/822416/000095012405004668/0000950124-05-004668-index.htm,https://www.sec.gov/Archives/edgar/data/822416/000095012405004668/k96945e10vq.htm,11631073000,5084486000,Consumer Cyclical,Residential Construction,NYSE,1980-03-17
2005-09-30,PHM,USD,0000822416,2005-11-04,2005-11-04 14:57:33,2005,Q3,3794172000,3170306000,623866000,0.1644274429,0,0,0,0,0,0,3170306000,0,0,16112000,639978000,0.1686739557,623866000,0.1644274429,-10164000,613702000,0.1617485976,225983000,395421000,0.1042179954,1.54,1.5,256081000,263908000,https://www.sec.gov/Archives/edgar/data/822416/000095012405006153/0000950124-05-006153-index.htm,https://www.sec.gov/Archives/edgar/data/822416/000095012405006153/k99357e10vq.htm,12283757000,5467298000,Consumer Cyclical,Residential Construction,NYSE,1980-03-17
2005-12-31,PHM,USD,0000822416,2006-03-10,2006-03-10 13:27:24,2005,Q4,5007467000,4100524000,906943000,0.1811181182,0,0,0,0,97279000,97279000,4197803000,0,0,16702000,826366000,0.1650267491,809664000,0.1616913302,21033000,830697000,0.1658916574,303613000,574539000,0.1147364526,2.26,2.26,253684000,253684000,https://www.sec.gov/Archives/edgar/data/822416/000095012406001106/0000950124-06-001106-index.htm,https://www.sec.gov/Archives/edgar/data/822416/000095012406001106/k02502e10vk.htm,13048174000,5957342000,Consumer Cyclical,Residential Construction,NYSE,1980-03-17
2006-03-31,PHM,USD,0000822416,2006-05-05,2006-05-05 11:54:26,2006,Q1,2962576000,2286699000,675877000,0.2281382824,0,0,0,291276000,0,291276000,2577975000,0,0,18363000,402964000,0.136018114,384601000,0.129819792,32943000,417544000,0.1409395067,154899000,262645000,0.0886542657,1.04,1.01,253684000,260738000,https://www.sec.gov/Archives/edgar/data/822416/000095012406002524/0000950124-06-002524-index.htm,https://www.sec.gov/Archives/edgar/data/822416/000095012406002524/k04976e10vq.htm,12703016000,6183324000,Consumer Cyclical,Residential Construction,NYSE,1980-03-17
2006-06-30,PHM,USD,0000822416,2006-08-04,2006-08-04 09:54:12,2006,Q2,3358967000,2674637000,684330000,0.2037322784,0,0,0,295393000,0,295393000,2970030000,0,0,19624000,408561000,0.1216329306,388937000,0.1157906583,-1212000,387725000,0.115429833,143873000,243019000,0.0723493264,0.96,0.94,252618000,258947000,https://www.sec.gov/Archives/edgar/data/822416/000095012406004170/0000950124-06-004170-index.htm,https://www.sec.gov/Archives/edgar/data/822416/000095012406004170/k07420e10vq.htm,13623693000,6384610000,Consumer Cyclical,Residential Construction,NYSE,1980-03-17
2006-09-30,PHM,USD,0000822416,2006-11-07,2006-11-07 10:23:25,2006,Q3,3563959000,2959712000,604247000,0.1695437574,0,0,0,310614000,0,310614000,3270326000,0,0,20522000,314155000,0.0881477593,293633000,0.0823895561,1881000,295514000,0.08291734,104064000,190219000,0.0533729485,0.76,0.74,251287000,257215000,https://www.sec.gov/Archives/edgar/data/822416/000095012406006531/0000950124-06-006531-index.htm,https://www.sec.gov/Archives/edgar/data/822416/000095012406006531/k09762e10vq.htm,13916223000,6567474000,Consumer Cyclical,Residential Construction,NYSE,1980-03-17
2006-12-31,PHM,USD,0000822416,2007-02-23,2007-02-23 15:30:24,2006,Q4,4388906000,4296215000,92691000,0.021119386,0,0,0,0,0,0,4296215000,0,0,25166000,117857000,0.026853389,92691000,0.021119386,-110746000,-18055000,-0.0041137814,-9754000,-8412000,-0.0019166508,-0.0335,-0.0334,251237000,251919000,https://www.sec.gov/Archives/edgar/data/822416/000095012407001049/0000950124-07-001049-index.htm,https://www.sec.gov/Archives/edgar/data/822416/000095012407001049/k12634e10vk.htm,13176874000,6577361000,Consumer Cyclical,Residential Construction,NYSE,1980-03-17
2007-03-31,PHM,USD,0000822416,2007-05-09,2007-05-08 17:49:05,2007,Q1,1871433000,1686564000,184869000,0.0987847281,0,0,0,326441000,0,326441000,2013005000,0,0,21660000,-119912000,-0.0640749629,-141572000,-0.0756489813,-976000,-142548000,-0.0761705068,-56876000,-85672000,-0.045778823,-0.34,-0.34,251919000,251919000,https://www.sec.gov/Archives/edgar/data/822416/000095012407002765/0000950124-07-002765-index.htm,https://www.sec.gov/Archives/edgar/data/822416/000095012407002765/k14993e10vq.htm,12151020000,6469523000,Consumer Cyclical,Residential Construction,NYSE,1980-03-17
2007-06-30,PHM,USD,0000822416,2007-08-08,2007-08-07 18:34:19,2007,Q2,2021246000,2404757000,-383511000,-0.1897398931,0,0,0,367947000,0,367947000,2772704000,0,0,21613000,-729845000,-0.3610866762,-751458000,-0.3717795855,-55151000,-806609000,-0.3990652301,-299058000,-507551000,-0.2511079799,-2.01,-2.01,252093000,252093000,https://www.sec.gov/Archives/edgar/data/822416/000095013707011612/0000950137-07-011612-index.htm,https://www.sec.gov/Archives/edgar/data/822416/000095013707011612/k17527e10vq.htm,11951648000,5970167000,Consumer Cyclical,Residential Construction,NYSE,1980-03-17
2007-09-30,PHM,USD,0000822416,2007-11-07,2007-11-06 18:34:58,2007,Q3,2471798000,2839149000,-367351000,-0.1486169177,0,0,0,674987000,0,674987000,3514136000,0,0,20836000,-1021502000,-0.4132627343,-1042338000,-0.4216922257,-51575000,-1093913000,-0.4425576038,-306042000,-787871000,-0.3187440883,-3.12,-3.12,252264000,252264000,https://www.sec.gov/Archives/edgar/data/822416/000095013707016673/0000950137-07-016673-index.htm,https://www.sec.gov/Archives/edgar/data/822416/000095013707016673/k21272e10vq.htm,10932454000,5188849000,Consumer Cyclical,Residential Construction,NYSE,1980-03-17
2007-12-31,PHM,USD,0000822416,2008-02-25,2008-02-25 13:42:23,2007,Q4,2898617000,2946197000,-47580000,-0.0164147247,0,0,0,323933000,0,323933000,3270130000,0,0,19743000,-351770000,-0.1213578752,-371513000,-0.1281690544,-82320000,-453833000,-0.1565688051,439490000,-874661000,-0.3017511455,-3.46,-3.45,252489000,253166000,https://www.sec.gov/Archives/edgar/data/822416/000095012408000805/0000950124-08-000805-index.htm,https://www.sec.gov/Archives/edgar/data/822416/000095012408000805/k24131e10vk.htm,10225703000,4320193000,Consumer Cyclical,Residential Construction,NYSE,1980-03-17
2008-03-31,PHM,USD,0000822416,2008-05-08,2008-05-07 18:37:05,2008,Q1,1448819000,1948668000,-499849000,-0.3450044485,0,0,0,196953000,0,196953000,2145621000,0,0,19715000,-673341000,-0.4647516356,-696802000,-0.4809448247,3746000,-693056000,-0.4783592706,3088000,-696144000,-0.4804906617,-2.75,-2.75,253166000,253166000,https://www.sec.gov/Archives/edgar/data/822416/000095013708006971/0000950137-08-006971-index.htm,https://www.sec.gov/Archives/edgar/data/822416/000095013708006971/k26518e10vq.htm,9047124000,3624382000,Consumer Cyclical,Residential Construction,NYSE,1980-03-17
2008-06-30,PHM,USD,0000822416,2008-08-07,2008-08-06 17:50:39,2008,Q2,1619413000,1633548000,-14135000,-0.0087284714,0,0,0,186404000,0,186404000,1819952000,6352000,708000,19113000,-195406000,-0.12066471,-200539000,-0.123834377,-14688000,-215227000,-0.1329043301,-56810000,-158417000,-0.0978237176,-0.63,-0.63,253454000,253454000,https://www.sec.gov/Archives/edgar/data/822416/000095015208006098/0000950152-08-006098-index.htm,https://www.sec.gov/Archives/edgar/data/822416/000095015208006098/k34367e10vq.htm,8579164000,3469619000,Consumer Cyclical,Residential Construction,NYSE,1980-03-17
2008-09-30,PHM,USD,0000822416,2008-11-06,2008-11-05 17:40:20,2008,Q3,1558227000,1653322000,-95095000,-0.0610276937,0,0,0,200350000,0,200350000,1853672000,6362000,723000,18713000,-275155000,-0.1765821026,-295445000,-0.189603312,854000,-294591000,-0.1890552532,-14204000,-280387000,-0.1799397649,-1.11,-1.11,253582000,253582000,https://www.sec.gov/Archives/edgar/data/822416/000119312508226124/0001193125-08-226124-index.htm,https://www.sec.gov/Archives/edgar/data/822416/000119312508226124/d10q.htm,8183031000,3183359000,Consumer Cyclical,Residential Construction,NYSE,1980-03-17
2008-12-31,PHM,USD,0000822416,2009-02-26,2009-02-26 14:48:21,2008,Q4,1650285000,1888917000,-238632000,-0.1446004781,0,0,0,228993000,0,228993000,2117910000,0,0,16439000,-451186000,-0.2733988372,-467625000,-0.2833601469,-12100000,-479725000,-0.2906922138,-141560000,-338165000,-0.2049130908,-1.33,-1.33,253845000,254578000,https://www.sec.gov/Archives/edgar/data/822416/000119312509038910/0001193125-09-038910-index.htm,https://www.sec.gov/Archives/edgar/data/822416/000119312509038910/d10k.htm,7708458000,2835698000,Consumer Cyclical,Residential Construction,NYSE,1980-03-17
2009-03-31,PHM,USD,0000822416,2009-05-08,2009-05-07 18:15:31,2009,Q1,583892000,918145000,-334253000,-0.5724568927,0,0,0,126559000,0,126559000,1044704000,3528000,478000,12978000,-498790000,-0.8542504436,-460812000,-0.7892075932,-51434000,-512246000,-0.8772958013,2572000,-514818000,-0.8817007255,-2.02,-2.02,254578000,254578000,https://www.sec.gov/Archives/edgar/data/822416/000119312509103694/0001193125-09-103694-index.htm,https://www.sec.gov/Archives/edgar/data/822416/000119312509103694/d10q.htm,6814933000,2327787000,Consumer Cyclical,Residential Construction,NYSE,1980-03-17
2009-06-30,PHM,USD,0000822416,2009-08-07,2009-08-06 17:51:33,2009,Q2,678580000,766327000,-87747000,-0.129309735,0,0,0,122263000,0,122263000,888590000,2647000,436000,11825000,-174668000,-0.2574022223,-210010000,-0.3094845118,23081000,-186929000,-0.2754708362,2536000,-189465000,-0.2792080521,-0.74,-0.74,254764000,254764000,https://www.sec.gov/Archives/edgar/data/822416/000119312509167456/0001193125-09-167456-index.htm,https://www.sec.gov/Archives/edgar/data/822416/000119312509167456/d10q.htm,6402909000,2149506000,Consumer Cyclical,Residential Construction,NYSE,1980-03-17
2009-09-30,PHM,USD,0000822416,2009-11-06,2009-11-06 12:51:29,2009,Q3,1091094000,1135669000,-44575000,-0.040853492,0,0,0,221538000,0,221538000,1357207000,1814000,431000,14539000,-343749000,-0.3150498491,-266113000,-0.2438955764,-92606000,-358719000,-0.3287700235,2668000,-361387000,-0.3312152757,-1.42,-1.15,254672000,312996000,https://www.sec.gov/Archives/edgar/data/822416/000119312509227055/0001193125-09-227055-index.htm,https://www.sec.gov/Archives/edgar/data/822416/000119312509227055/d10q.htm,10282473000,3309389000,Consumer Cyclical,Residential Construction,NYSE,1980-03-17
2009-12-31,PHM,USD,0000822416,2010-02-19,2010-02-18 20:10:03,2009,Q4,1730823000,1838357000,-107534000,-0.0621288254,0,0,0,202074000,0,202074000,2040431000,1178000,917000,14904000,-901404000,-0.5207950206,-309608000,-0.178879065,-607617000,-917225000,-0.5299357589,-800328000,-116897000,-0.0675383907,-0.31,-0.31,377735000,382547000,https://www.sec.gov/Archives/edgar/data/822416/000119312510034418/0001193125-10-034418-index.htm,https://www.sec.gov/Archives/edgar/data/822416/000119312510034418/d10k.htm,10051222000,3194440000,Consumer Cyclical,Residential Construction,NYSE,1980-03-17
2010-03-31,PHM,USD,0000822416,2010-05-06,2010-05-06 17:10:39,2010,Q1,1020358000,884204000,136154000,0.1334374798,0,0,0,161306000,0,161306000,1045510000,2779000,482000,12886000,-1140000,-0.0011172549,-25152000,-0.0246501718,10644000,-14508000,-0.014218539,-2020000,-12488000,-0.0122388417,-0.0326,-0.0326,382547000,382547000,https://www.sec.gov/Archives/edgar/data/822416/000119312510111120/0001193125-10-111120-index.htm,https://www.sec.gov/Archives/edgar/data/822416/000119312510111120/d10q.htm,9908984000,3196555000,Consumer Cyclical,Residential Construction,NYSE,1980-03-17
2010-06-30,PHM,USD,0000822416,2010-08-05,2010-08-05 16:09:45,2010,Q2,1305898000,1151791000,154107000,0.1180084509,0,0,0,157415000,0,157415000,1309206000,2292000,1018000,11470000,6762000,0.0051780461,-3308000,-0.0025331228,-2418000,-5726000,-0.0043847222,-82029000,76303000,0.0584295251,0.2,0.2,377747000,380412000,https://www.sec.gov/Archives/edgar/data/822416/000119312510179323/0001193125-10-179323-index.htm,https://www.sec.gov/Archives/edgar/data/822416/000119312510179323/d10q.htm,9915496000,3281786000,Consumer Cyclical,Residential Construction,NYSE,1980-03-17
2010-09-30,PHM,USD,0000822416,2010-11-05,2010-11-05 07:13:19,2010,Q3,1057764000,981087000,76677000,0.0724897047,0,0,0,425643000,16923000,442566000,1423653000,2601000,50076000,10574000,-1012474000,-0.9571832658,-365889000,-0.3459079719,-657948000,-1023837000,-0.9679257377,-28721000,-995116000,-0.9407731781,-2.6,-2.6,382384000,382384000,https://www.sec.gov/Archives/edgar/data/822416/000119312510248979/0001193125-10-248979-index.htm,https://www.sec.gov/Archives/edgar/data/822416/000119312510248979/d10q.htm,9092636000,2296423000,Consumer Cyclical,Residential Construction,NYSE,1980-03-17
2010-12-31,PHM,USD,0000822416,2011-02-10,2011-02-10 09:09:55,2010,Q4,1185270000,1158980000,26290000,0.0221806002,0,0,0,150738000,0,150738000,1309718000,1859000,440000,10730000,-179305000,-0.1512777679,-124448000,-0.1049954863,-66027000,-190475000,-0.160701781,-25047000,-165428000,-0.139569887,-0.44,-0.44,379122000,379544000,https://www.sec.gov/Archives/edgar/data/822416/000119312511029989/0001193125-11-029989-index.htm,https://www.sec.gov/Archives/edgar/data/822416/000119312511029989/d10k.htm,7699376000,2135167000,Consumer Cyclical,Residential Construction,NYSE,1980-03-17
2011-03-31,PHM,USD,0000822416,2011-04-28,2011-04-28 17:17:43,2011,Q1,805202000,706433000,98769000,0.1226636297,0,0,0,142446000,3275000,145721000,852154000,1437000,351000,8970000,-36071000,-0.0447974546,-46952000,-0.0583108338,1560000,-45392000,-0.0563734318,-5866000,-39526000,-0.0490883033,-0.1,-0.1,379544000,379544000,https://www.sec.gov/Archives/edgar/data/822416/000119312511115566/0001193125-11-115566-index.htm,https://www.sec.gov/Archives/edgar/data/822416/000119312511115566/d10q.htm,7516629000,2100140000,Consumer Cyclical,Residential Construction,NYSE,1980-03-17
2011-06-30,PHM,USD,0000822416,2011-08-01,2011-08-01 08:01:27,2011,Q2,927212000,832518000,94694000,0.1021276688,0,0,0,138380000,3275000,141655000,974173000,1145000,317000,8003000,-45013000,-0.0485466107,-46961000,-0.0506475326,-6372000,-53333000,-0.0575197474,2052000,-55385000,-0.0597328335,-0.15,-0.15,379781000,379781000,https://www.sec.gov/Archives/edgar/data/822416/000119312511203732/0001193125-11-203732-index.htm,https://www.sec.gov/Archives/edgar/data/822416/000119312511203732/d10q.htm,7425605000,2049727000,Consumer Cyclical,Residential Construction,NYSE,1980-03-17
2011-09-30,PHM,USD,0000822416,2011-10-28,2011-10-28 16:26:50,2011,Q3,1141931000,964188000,177743000,0.1556512609,0,0,0,121553000,3275000,124828000,1089016000,1122000,322000,7656000,-194522000,-0.1703447932,52915000,0.0463381763,-255415000,-202500000,-0.1773312048,-73202000,-129298000,-0.1132275067,-0.34,-0.34,380025000,380025000,https://www.sec.gov/Archives/edgar/data/822416/000119312511286269/0001193125-11-286269-index.htm,https://www.sec.gov/Archives/edgar/data/822416/000119312511286269/d232572d10q.htm,7228654000,1923467000,Consumer Cyclical,Residential Construction,NYSE,1980-03-17
2011-12-31,PHM,USD,0000822416,2012-02-09,2012-02-09 09:52:17,2011,Q4,1262345000,1138261000,124084000,0.0982964245,0,0,0,117147000,-27596000,89551000,1227812000,1351000,323000,7469000,-1283000,-0.0010163624,34533000,0.0273562299,-43608000,-9075000,-0.0071890014,-22896000,13821000,0.0109486709,0.0363,0.0363,380153000,380502000,https://www.sec.gov/Archives/edgar/data/822416/000082241612000010/0000822416-12-000010-index.htm,https://www.sec.gov/Archives/edgar/data/822416/000082241612000010/phm-12312011x10k.htm,6885620000,1938615000,Consumer Cyclical,Residential Construction,NYSE,1980-03-17
2012-03-31,PHM,USD,0000822416,2012-04-26,2012-04-26 09:39:41,2012,Q1,881036000,767572000,113464000,0.1287847489,0,0,0,123314000,3275000,126589000,894161000,1199000,217000,7393000,-5881000,-0.0066750961,-13125000,-0.0148972346,-366000,-13491000,-0.0153126546,-1825000,-11666000,-0.0132412296,-0.0307,-0.0307,380502000,380502000,https://www.sec.gov/Archives/edgar/data/822416/000082241612000020/0000822416-12-000020-index.htm,https://www.sec.gov/Archives/edgar/data/822416/000082241612000020/phm0331201210-q.htm,6859443000,1928828000,Consumer Cyclical,Residential Construction,NYSE,1980-03-17
2012-06-30,PHM,USD,0000822416,2012-07-26,2012-07-26 09:38:16,2012,Q2,1069405000,897317000,172088000,0.1609193898,0,0,0,124186000,3275000,127461000,1024778000,1164000,198000,7435000,47559000,0.0444723935,44627000,0.041730682,-4701000,39926000,0.0373347796,-2510000,42436000,0.0396818792,0.11,0.11,380655000,382203000,https://www.sec.gov/Archives/edgar/data/822416/000082241612000034/0000822416-12-000034-index.htm,https://www.sec.gov/Archives/edgar/data/822416/000082241612000034/phm0630201210-q.htm,6952825000,1975047000,Consumer Cyclical,Residential Construction,NYSE,1980-03-17
2012-09-30,PHM,USD,0000822416,2012-10-25,2012-10-25 09:51:22,2012,Q3,1302591000,1065343000,237248000,0.1821354516,0,0,0,125191000,3275000,128466000,1193809000,1219000,201000,7450000,113557000,0.0871777864,108782000,0.0835120157,-2876000,105906000,0.0813041085,-10727000,116633000,0.0895392337,0.31,0.3,381355000,384570000,https://www.sec.gov/Archives/edgar/data/822416/000082241612000048/0000822416-12-000048-index.htm,https://www.sec.gov/Archives/edgar/data/822416/000082241612000048/phm0930201210-q.htm,7140580000,2122046000,Consumer Cyclical,Residential Construction,NYSE,1980-03-17
2012-12-31,PHM,USD,0000822416,2013-02-06,2013-02-06 15:14:15,2012,Q4,1566966000,1333610000,233356000,0.1489221847,0,0,0,141766000,3275000,145041000,1478651000,1331000,204000,7749000,59165000,0.0377576795,88315000,0.0563605081,-37102000,51213000,0.0326829044,-7529000,58742000,0.0374877311,0.15,0.15,383404000,389304000,https://www.sec.gov/Archives/edgar/data/822416/000082241613000006/0000822416-13-000006-index.htm,https://www.sec.gov/Archives/edgar/data/822416/000082241613000006/a201210-k.htm,6734409000,2189616000,Consumer Cyclical,Residential Construction,NYSE,1980-03-17
2013-03-31,PHM,USD,0000822416,2013-04-25,2013-04-25 10:08:58,2013,Q1,1162756000,946076000,216680000,0.1863503607,0,0,0,129626000,3275000,132901000,1078977000,1173000,207000,7339000,89896000,0.077312867,83779000,0.07205209,-1429000,82350000,0.0708231134,588000,81762000,0.0703174183,0.21,0.21,384228000,390321000,https://www.sec.gov/Archives/edgar/data/822416/000082241613000018/0000822416-13-000018-index.htm,https://www.sec.gov/Archives/edgar/data/822416/000082241613000018/phm0331201310-q.htm,6741141000,2275515000,Consumer Cyclical,Residential Construction,NYSE,1980-03-17
2013-06-30,PHM,USD,0000822416,2013-07-25,2013-07-25 09:54:08,2013,Q2,1279422000,1034563000,244859000,0.1913825149,0,0,0,150531000,3275000,153806000,1188369000,1112000,166000,7745000,46241000,0.0361421017,91053000,0.0711672927,-52723000,38330000,0.0299588408,1913000,36417000,0.0284636344,0.09,0.09,385389000,391180000,https://www.sec.gov/Archives/edgar/data/822416/000082241613000037/0000822416-13-000037-index.htm,https://www.sec.gov/Archives/edgar/data/822416/000082241613000037/phm0630201310-q.htm,6452271000,2328215000,Consumer Cyclical,Residential Construction,NYSE,1980-03-17
2013-09-30,PHM,USD,0000822416,2013-10-24,2013-10-24 09:52:18,2013,Q3,1582078000,1253314000,328764000,0.2078051777,0,0,0,138637000,3275000,141912000,1395226000,1036000,171000,8050000,182943000,0.1156346274,186852000,0.1181054284,-12130000,174722000,0.110438297,-2107162000,2281884000,1.4423334374,5.92,5.87,382883000,386103000,https://www.sec.gov/Archives/edgar/data/822416/000082241613000046/0000822416-13-000046-index.htm,https://www.sec.gov/Archives/edgar/data/822416/000082241613000046/phm0930201310-q.htm,8693722000,4491685000,Consumer Cyclical,Residential Construction,NYSE,1980-03-17
2013-12-31,PHM,USD,0000822416,2014-02-05,2014-02-05 15:49:29,2013,Q4,1655339000,1273380000,381959000,0.2307436724,0,0,0,149706000,3275000,152981000,1426361000,1075000,168000,8453000,241041000,0.145614282,228978000,0.138326953,3442000,232420000,0.1404062854,12367000,220053000,0.1329353081,0.58,0.57,379879000,383724000,https://www.sec.gov/Archives/edgar/data/822416/000082241614000010/0000822416-14-000010-index.htm,https://www.sec.gov/Archives/edgar/data/822416/000082241614000010/a201310-k.htm,8734143000,4648952000,Consumer Cyclical,Residential Construction,NYSE,1980-03-17
2014-03-31,PHM,USD,0000822416,2014-04-24,2014-04-24 10:19:49,2014,Q1,1118894000,836936000,281958000,0.2519970614,0,0,0,144887000,3275000,148162000,985098000,1111000,213000,8942000,139184000,0.1243942679,133796000,0.1195787983,-3767000,130029000,0.1162120809,55210000,74819000,0.0668687114,0.19,0.19,383991000,387806000,https://www.sec.gov/Archives/edgar/data/822416/000082241614000016/0000822416-14-000016-index.htm,https://www.sec.gov/Archives/edgar/data/822416/000082241614000016/phm0331201410-q.htm,8351411000,4664063000,Consumer Cyclical,Residential Construction,NYSE,1980-03-17
2014-06-30,PHM,USD,0000822416,2014-07-24,2014-07-24 09:53:57,2014,Q2,1286187000,981638000,304549000,0.2367843867,0,0,0,229767000,3275000,233042000,1214680000,1115000,203000,13234000,77846000,0.060524636,71507000,0.0555961147,-3826000,67681000,0.0526214306,25801000,41880000,0.0325613616,0.11,0.11,376072000,379664000,https://www.sec.gov/Archives/edgar/data/822416/000082241614000033/0000822416-14-000033-index.htm,https://www.sec.gov/Archives/edgar/data/822416/000082241614000033/phm0630201410-q.htm,8467336000,4638044000,Consumer Cyclical,Residential Construction,NYSE,1980-03-17
2014-09-30,PHM,USD,0000822416,2014-10-23,2014-10-23 09:50:33,2014,Q3,1594725000,1221531000,373194000,0.2340177774,0,0,0,147136000,3258000,150394000,1371925000,1205000,210000,9960000,235098000,0.1474222828,222800000,0.1397106084,2128000,224928000,0.1410450078,84383000,140545000,0.0881311825,0.37,0.37,373531000,377292000,https://www.sec.gov/Archives/edgar/data/822416/000082241614000041/0000822416-14-000041-index.htm,https://www.sec.gov/Archives/edgar/data/822416/000082241614000041/phm0930201410-q.htm,8614645000,4710409000,Consumer Cyclical,Residential Construction,NYSE,1980-03-17
2014-12-31,PHM,USD,0000822416,2015-02-04,2015-02-04 11:43:07,2014,Q4,1822558000,1398131000,424427000,0.2328743447,0,0,0,146024000,3225000,149249000,1547380000,1200000,224000,11000000,278345000,0.152722163,275178000,0.1509844954,-8057000,267120000,0.1465632369,50025000,217095000,0.1191155508,0.58,0.58,369533000,373267000,https://www.sec.gov/Archives/edgar/data/822416/000082241615000007/0000822416-15-000007-index.htm,https://www.sec.gov/Archives/edgar/data/822416/000082241615000007/a201410-k.htm,8569410000,4804954000,Consumer Cyclical,Residential Construction,NYSE,1980-03-17
2015-03-31,PHM,USD,0000822416,2015-04-23,2015-04-23 09:59:26,2015,Q1,1133298000,877064000,256234000,0.2260958724,0,0,0,161312000,3225000,164537000,1041601000,1099000,187000,11062000,107054000,0.0944623568,91697000,0.0809116402,4108000,95805000,0.0845364591,40834000,54971000,0.0485053358,0.15,0.15,366748000,370110000,https://www.sec.gov/Archives/edgar/data/822416/000082241615000013/0000822416-15-000013-index.htm,https://www.sec.gov/Archives/edgar/data/822416/000082241615000013/phm0331201510-q.htm,8433285000,4741994000,Consumer Cyclical,Residential Construction,NYSE,1980-03-17
2015-06-30,PHM,USD,0000822416,2015-07-23,2015-07-23 09:57:07,2015,Q2,1280291000,979359000,300932000,0.2350496879,0,0,0,130119000,3225000,133344000,1112703000,856000,208000,10791000,178626000,0.1395198435,167588000,0.1308983661,39000,167627000,0.1309288279,64303000,103324000,0.0807035276,0.28,0.28,361009000,364241000,https://www.sec.gov/Archives/edgar/data/822416/000082241615000024/0000822416-15-000024-index.htm,https://www.sec.gov/Archives/edgar/data/822416/000082241615000024/phm0630201510-q.htm,8157956000,4606259000,Consumer Cyclical,Residential Construction,NYSE,1980-03-17
2015-09-30,PHM,USD,0000822416,2015-10-22,2015-10-22 10:56:32,2015,Q3,1506747000,1146777000,359970000,0.2389054035,0,0,0,159361000,3225000,162586000,1309363000,504000,203000,11866000,191345000,0.1269921228,197384000,0.1310000949,-18108000,179276000,0.1189821516,71507000,107769000,0.0715242838,0.31,0.3,350147000,353372000,https://www.sec.gov/Archives/edgar/data/822416/000082241615000033/0000822416-15-000033-index.htm,https://www.sec.gov/Archives/edgar/data/822416/000082241615000033/phm0930201510-q.htm,8801578000,4571605000,Consumer Cyclical,Residential Construction,NYSE,1980-03-17
2015-12-31,PHM,USD,0000822416,2016-02-08,2016-02-08 17:15:21,2015,Q4,2061628000,1555598000,506030000,0.2454516528,0,0,0,138987000,3225000,142212000,1697810000,649000,190000,12503000,386011000,0.1872360096,363818000,0.176471216,9500000,373315000,0.1810777696,145288000,228027000,0.110605308,0.65,0.64,348699000,351746000,https://www.sec.gov/Archives/edgar/data/822416/000082241616000048/0000822416-16-000048-index.htm,https://www.sec.gov/Archives/edgar/data/822416/000082241616000048/a201510-k.htm,8967160000,4759325000,Consumer Cyclical,Residential Construction,NYSE,1980-03-17
2016-03-31,PHM,USD,0000822416,2016-04-21,2016-04-21 10:02:10,2016,Q1,1432578000,1066175000,366403000,0.2557647821,0,0,0,242316000,3450000,245766000,1311941000,923000,174000,13113000,131500000,0.0917925586,120637000,0.0842097254,-2424000,118213000,0.0825176709,34913000,83300000,0.0581469211,0.24,0.24,347815000,350477000,https://www.sec.gov/Archives/edgar/data/822416/000082241616000061/0000822416-16-000061-index.htm,https://www.sec.gov/Archives/edgar/data/822416/000082241616000061/phm0331201610-q.htm,9843480000,4773527000,Consumer Cyclical,Residential Construction,NYSE,1980-03-17
2016-06-30,PHM,USD,0000822416,2016-07-21,2016-07-21 10:29:30,2016,Q2,1799914000,1341152000,458762000,0.2548799554,0,0,0,256273000,3450000,259723000,1600875000,849000,186000,13592000,203358000,0.1129820647,199039000,0.1105825056,-9459000,189580000,0.1053272545,71820000,117760000,0.0654253481,0.34,0.34,345240000,347999000,https://www.sec.gov/Archives/edgar/data/822416/000082241616000085/0000822416-16-000085-index.htm,https://www.sec.gov/Archives/edgar/data/822416/000082241616000085/phm0630201610-q.htm,9507056000,4818117000,Consumer Cyclical,Residential Construction,NYSE,1980-03-17
2016-09-30,PHM,USD,0000822416,2016-10-20,2016-10-20 09:48:30,2016,Q3,1942905000,1456039000,486866000,0.2505866216,0,0,0,250914000,3450000,254364000,1710403000,887000,165000,13513000,226013000,0.1163273552,232502000,0.1196671994,-20167000,212335000,0.1092873815,83865000,128470000,0.0661226359,0.37,0.37,340171000,342421000,https://www.sec.gov/Archives/edgar/data/822416/000082241616000097/0000822416-16-000097-index.htm,https://www.sec.gov/Archives/edgar/data/822416/000082241616000097/phm0930201610-q.htm,9871532000,4672032000,Consumer Cyclical,Residential Construction,NYSE,1980-03-17
2016-12-31,PHM,USD,0000822416,2017-02-01,2017-02-01 12:35:36,2016,Q4,2493079000,1682150000,810929000,0.3252720832,0,0,0,390795000,3450000,394245000,2076395000,577000,160000,13789000,427671000,0.1715433005,416684000,0.1671363001,-2962000,413721000,0.1659478099,140549000,273172000,0.1095721395,0.83,0.83,325975000,327809000,https://www.sec.gov/Archives/edgar/data/822416/000082241617000008/0000822416-17-000008-index.htm,https://www.sec.gov/Archives/edgar/data/822416/000082241617000008/a201610-k.htm,10178200000,4659363000,Consumer Cyclical,Residential Construction,NYSE,1980-03-17
2017-03-31,PHM,USD,0000822416,2017-04-25,2017-04-25 09:50:24,2017,Q1,1629878000,1249273000,380605000,0.233517478,0,0,0,236268000,3450000,239718000,1488991000,833000,137000,13209000,152611000,0.0936333885,140887000,0.0864402121,-1622000,139265000,0.0854450456,47747000,91518000,0.0561502149,0.29,0.28,317756000,320085000,https://www.sec.gov/Archives/edgar/data/822416/000082241617000021/0000822416-17-000021-index.htm,https://www.sec.gov/Archives/edgar/data/822416/000082241617000021/phm331201710-q.htm,9920814000,4660145000,Consumer Cyclical,Residential Construction,NYSE,1980-03-17
2017-06-30,PHM,USD,0000822416,2017-07-25,2017-07-25 10:00:39,2017,Q2,2021860000,1666014000,355846000,0.1759993274,0,0,0,216211000,3450000,219661000,1885675000,599000,134000,12814000,135495000,0.0670150258,136185000,0.0673562957,-13638000,122547000,0.0606110215,21798000,100749000,0.0498298596,0.32,0.32,312315000,313880000,https://www.sec.gov/Archives/edgar/data/822416/000082241617000036/0000822416-17-000036-index.htm,https://www.sec.gov/Archives/edgar/data/822416/000082241617000036/phm630201710-q.htm,9812878000,4444002000,Consumer Cyclical,Residential Construction,NYSE,1980-03-17
2017-09-30,PHM,USD,0000822416,2017-10-24,2017-10-24 10:56:27,2017,Q3,2131058000,1619032000,512026000,0.2402684488,0,0,0,237495000,3450000,240945000,1859977000,485000,101000,12666000,281016000,0.1318668943,271081000,0.1272048907,-2832000,268249000,0.1258759733,90710000,177539000,0.0833102619,0.59,0.58,298538000,300228000,https://www.sec.gov/Archives/edgar/data/822416/000082241617000049/0000822416-17-000049-index.htm,https://www.sec.gov/Archives/edgar/data/822416/000082241617000049/phm930201710-q.htm,9971269000,4345085000,Consumer Cyclical,Residential Construction,NYSE,1980-03-17
2017-12-31,PHM,USD,0000822416,2018-02-07,2018-02-07 17:06:48,2017,Q4,2793556000,2180569000,612987000,0.2194289286,0,0,0,201607000,3450000,205057000,2385626000,620000,132000,12309000,421207000,0.1507780764,407930000,0.1460253526,836000,408767000,0.1463249708,331352000,77415000,0.0277119915,0.26,0.26,292174000,293492000,https://www.sec.gov/Archives/edgar/data/822416/000082241618000009/0000822416-18-000009-index.htm,https://www.sec.gov/Archives/edgar/data/822416/000082241618000009/a201710-k.htm,9686649000,4154026000,Consumer Cyclical,Residential Construction,NYSE,1980-03-17
2018-03-31,PHM,USD,0000822416,2018-04-24,2018-04-24 10:23:04,2018,Q1,1970093000,1503701000,466392000,0.2367360323,0,0,0,240893000,3450000,244343000,1748044000,564000,143000,11890000,236224000,0.1199049994,222049000,0.1127099076,2142000,224191000,0.1137971659,53440000,170751000,0.0866715429,0.59,0.59,286683000,288026000,https://www.sec.gov/Archives/edgar/data/822416/000082241618000019/0000822416-18-000019-index.htm,https://www.sec.gov/Archives/edgar/data/822416/000082241618000019/phm331201810-q.htm,9706395000,4274657000,Consumer Cyclical,Residential Construction,NYSE,1980-03-17
2018-06-30,PHM,USD,0000822416,2018-07-26,2018-07-26 16:18:22,2018,Q2,2569722000,1932540000,637182000,0.2479575612,0,0,0,226056000,3450000,229506000,2162046000,835000,165000,12271000,421606000,0.1640667745,407676000,0.1586459547,1494000,409170000,0.1592273405,85081000,324089000,0.1261183116,1.12,1.12,285276000,286654000,https://www.sec.gov/Archives/edgar/data/822416/000082241618000037/0000822416-18-000037-index.htm,https://www.sec.gov/Archives/edgar/data/822416/000082241618000037/phm630201810-q.htm,9815576000,4526712000,Consumer Cyclical,Residential Construction,NYSE,1980-03-17
2018-09-30,PHM,USD,0000822416,2018-10-23,2018-10-23 16:18:27,2018,Q3,2649366000,2008433000,640933000,0.2419193875,0,0,0,252757000,3450000,256207000,2264640000,1842000,152000,12556000,397396000,0.1499966407,384726000,0.1452143645,-38000,384688000,0.1452000214,95153000,289535000,0.1092846364,1.01,1.01,283489000,284672000,https://www.sec.gov/Archives/edgar/data/822416/000082241618000053/0000822416-18-000053-index.htm,https://www.sec.gov/Archives/edgar/data/822416/000082241618000053/phm930201810-q.htm,10055080000,4728878000,Consumer Cyclical,Residential Construction,NYSE,1980-03-17
2018-12-31,PHM,USD,0000822416,2019-01-31,2019-01-31 12:21:40,2018,Q4,2999150000,2370246000,628904000,0.20969408,0,0,0,292317000,3450000,295767000,2666013000,4353000,158000,12712000,342361000,0.1141526766,333137000,0.1110771385,-3646000,329491000,0.1098614607,91842000,237649000,0.0792387843,0.84,0.84,278964000,280212000,https://www.sec.gov/Archives/edgar/data/822416/000082241619000008/0000822416-19-000008-index.htm,https://www.sec.gov/Archives/edgar/data/822416/000082241619000008/a201810-k.htm,10172976000,4817782000,Consumer Cyclical,Residential Construction,NYSE,1980-03-17
2019-03-31,PHM,USD,0000822416,2019-04-23,2019-04-23 16:22:09,2019,Q1,1996693000,1526290000,470403000,0.2355910498,0,0,0,252727000,3450000,256177000,1782467000,4949000,144000,13210000,230057000,0.1152190146,214226000,0.1072904047,2477000,216703000,0.1085309559,49946000,166757000,0.0835165947,0.59,0.59,277637000,278640000,https://www.sec.gov/Archives/edgar/data/822416/000082241619000018/0000822416-19-000018-index.htm,https://www.sec.gov/Archives/edgar/data/822416/000082241619000018/phm331201910-q.htm,10207336000,4933439000,Consumer Cyclical,Residential Construction,NYSE,1980-03-17
2019-06-30,PHM,USD,0000822416,2019-07-23,2019-07-23 15:59:23,2019,Q2,2488985000,1905270000,583715000,0.234519292,0,0,0,259440000,3550000,262990000,2168260000,4471000,146000,13287000,334209000,0.1342752166,320725000,0.1288577472,51000,320776000,0.1288782375,79735000,241041000,0.0968430907,0.86,0.86,276652000,277584000,https://www.sec.gov/Archives/edgar/data/822416/000082241619000036/0000822416-19-000036-index.htm,https://www.sec.gov/Archives/edgar/data/822416/000082241619000036/phm630201910-q.htm,10095537000,5069807000,Consumer Cyclical,Residential Construction,NYSE,1980-03-17
2019-09-30,PHM,USD,0000822416,2019-10-22,2019-10-22 16:01:18,2019,Q3,2710365000,2068486000,641879000,0.2368238226,0,0,0,270625000,3600000,274225000,2342711000,3554000,147000,13805000,380098000,0.1402386763,367654000,0.1356474128,-1508000,366146000,0.1350910302,93042000,273104000,0.1007628124,0.99,0.99,272992000,273632000,https://www.sec.gov/Archives/edgar/data/822416/000082241619000048/0000822416-19-000048-index.htm,https://www.sec.gov/Archives/edgar/data/822416/000082241619000048/phm930201910-q.htm,10264513000,5181592000,Consumer Cyclical,Residential Construction,NYSE,1980-03-17
2019-12-31,PHM,USD,0000822416,2020-01-30,2020-01-30 14:10:58,2019,Q4,3016913000,2315521000,701392000,0.2324866511,0,0,0,261546000,3600000,265146000,2580667000,3765000,147000,13697000,449795000,0.1490911405,436246000,0.144600126,-295000,435951000,0.144502344,100153000,335798000,0.1113051652,1.23,1.22,270843000,271475000,https://www.sec.gov/Archives/edgar/data/822416/000082241620000007/0000822416-20-000007-index.htm,https://www.sec.gov/Archives/edgar/data/822416/000082241620000007/a201910-k.htm,10715597000,5458180000,Consumer Cyclical,Residential Construction,NYSE,1980-03-17
2020-03-31,PHM,USD,0000822416,2020-04-23,2020-04-23 16:07:57,2020,Q1,2294980000,1744828000,550152000,0.2397197361,0,0,0,263669000,4557000,268226000,2013054000,3807000,797000,15149000,279715000,0.1218812364,281926000,0.1228446435,-18157000,263769000,0.1149330277,60058000,203711000,0.0887637365,0.75,0.74,270000000,271218000,https://www.sec.gov/Archives/edgar/data/822416/000082241620000014/0000822416-20-000014-index.htm,https://www.sec.gov/Archives/edgar/data/822416/000082241620000014/phm331202010-q.htm,11423374000,5530391000,Consumer Cyclical,Residential Construction,NYSE,1980-03-17
2020-06-30,PHM,USD,0000822416,2020-07-23,2020-07-23 16:18:55,2020,Q2,2593781000,1934628000,659153000,0.2541282398,0,0,0,196858000,5045000,201903000,2136531000,1326000,3000000,16389000,476398000,0.1836693229,457250000,0.1762870497,-241000,457009000,0.1761941351,108389000,348620000,0.1344061044,1.29,1.29,268324000,269025000,https://www.sec.gov/Archives/edgar/data/822416/000082241620000033/0000822416-20-000033-index.htm,https://www.sec.gov/Archives/edgar/data/822416/000082241620000033/phm630202010-q.htm,10958485000,5851668000,Consumer Cyclical,Residential Construction,NYSE,1980-03-17
2020-09-30,PHM,USD,0000822416,2020-10-22,2020-10-22 16:15:43,2020,Q3,2954957000,2195050000,759907000,0.2571634714,0,0,0,271257000,5041000,276298000,2471348000,891000,225000,16998000,501390000,0.169677596,483609000,0.1636602495,558000,484167000,0.1638490848,67769000,416398000,0.1409150793,1.54,1.54,268363000,268961000,https://www.sec.gov/Archives/edgar/data/822416/000082241620000040/0000822416-20-000040-index.htm,https://www.sec.gov/Archives/edgar/data/822416/000082241620000040/phm930202010-q.htm,11365022000,6240015000,Consumer Cyclical,Residential Construction,NYSE,1980-03-17
2020-12-31,PHM,USD,0000822416,2021-02-02,2021-02-02 13:12:18,2020,Q4,3192364000,2383423000,808941000,0.2533987352,0,0,0,279657000,5042000,284699000,2668122000,813000,226000,17545000,541521000,0.1696300923,524242000,0.164217489,-492000,523750000,0.1640633712,85639000,438111000,0.1372371697,1.62,1.62,267561000,268227000,https://www.sec.gov/Archives/edgar/data/822416/000082241621000007/0000822416-21-000007-index.htm,https://www.sec.gov/Archives/edgar/data/822416/000082241621000007/phm-20201231.htm,12205498000,6569989000,Consumer Cyclical,Residential Construction,NYSE,1980-03-17
2021-03-31,PHM,USD,0000822416,2021-04-27,2021-04-27 16:57:16,2021,Q1,2729791000,1999945000,729846000,0.2673633256,0,0,0,271686000,4992000,276678000,2276623000,631000,135000,17142000,411329000,0.1506814991,453168000,0.1660083135,-59116000,394052000,0.1443524431,89945000,304107000,0.1114030342,1.14,1.13,265407000,266012000,https://www.sec.gov/Archives/edgar/data/822416/000082241621000018/0000822416-21-000018-index.htm,https://www.sec.gov/Archives/edgar/data/822416/000082241621000018/phm-20210331.htm,11445741000,6685274000,Consumer Cyclical,Residential Construction,NYSE,1980-03-17
2021-06-30,PHM,USD,0000822416,2021-07-27,2021-07-27 16:36:07,2021,Q2,3359484000,2447101000,912383000,0.2715842671,0,0,0,272286000,4968000,277254000,2724355000,473000,138000,18265000,657876000,0.1958265019,635129000,0.1890555216,4344000,639473000,0.1903485773,136074000,503399000,0.1498441427,1.91,1.9,262099000,262747000,https://www.sec.gov/Archives/edgar/data/822416/000082241621000029/0000822416-21-000029-index.htm,https://www.sec.gov/Archives/edgar/data/822416/000082241621000029/phm-20210630.htm,12082020000,6958468000,Consumer Cyclical,Residential Construction,NYSE,1980-03-17
2021-09-30,PHM,USD,0000822416,2021-10-26,2021-10-26 16:46:20,2021,Q3,3479050000,2533392000,945658000,0.271815007,0,0,0,320506000,3612000,324118000,2857510000,436000,115000,17616000,638133000,0.1834216237,621540000,0.1786522183,-1138000,620402000,0.1783251175,144853000,475549000,0.1366893261,1.83,1.82,258147000,258899000,https://www.sec.gov/Archives/edgar/data/822416/000082241621000040/0000822416-21-000040-index.htm,https://www.sec.gov/Archives/edgar/data/822416/000082241621000040/phm-20210930.htm,12571851000,7141752000,Consumer Cyclical,Residential Construction,NYSE,1980-03-17
2021-12-31,PHM,USD,0000822416,2022-02-07,2022-02-07 16:22:57,2021,Q4,4358558000,3164022000,1194536000,0.27406679,0,0,0,344220000,2931000,347151000,3511173000,412000,115000,16930000,872962000,0.2002868839,847385000,0.1944186586,8532000,855917000,0.1963761868,192653000,663264000,0.1521751001,2.61,2.61,251636000,252224000,https://www.sec.gov/Archives/edgar/data/822416/000082241622000007/0000822416-22-000007-index.htm,https://www.sec.gov/Archives/edgar/data/822416/000082241622000007/phm-20211231.htm,13352631000,7489515000,Consumer Cyclical,Residential Construction,NYSE,1980-03-17
2022-03-31,PHM,USD,0000822416,2022-04-28,2022-04-28 16:28:57,2022,Q1,3149519000,2218466000,931053000,0.2956175213,0,0,0,329022000,2821000,331843000,2550309000,388000,86000,16181000,616160000,0.1956362225,599210000,0.1902544484,683000,599893000,0.1904713069,145170000,454723000,0.1443785543,1.85,1.84,245796000,246865000,https://www.sec.gov/Archives/edgar/data/822416/000082241622000018/0000822416-22-000018-index.htm,https://www.sec.gov/Archives/edgar/data/822416/000082241622000018/phm-20220331.htm,13164240000,7413264000,Consumer Cyclical,Residential Construction,NYSE,1980-03-17
2022-06-30,PHM,USD,0000822416,2022-07-26,2022-07-26 16:26:45,2022,Q2,3879752000,2660425000,1219327000,0.3142796241,0,0,0,351256000,2766000,354022000,3014447000,290000,65000,17212000,881850000,0.227295456,865305000,0.2230310082,-732000,864573000,0.2228423363,212138000,652435000,0.1681640991,2.74,2.73,236328000,237646000,https://www.sec.gov/Archives/edgar/data/822416/000082241622000038/0000822416-22-000038-index.htm,https://www.sec.gov/Archives/edgar/data/822416/000082241622000038/phm-20220630.htm,13700336000,7745216000,Consumer Cyclical,Residential Construction,NYSE,1980-03-17
2022-09-30,PHM,USD,0000822416,2022-10-25,2022-10-25 16:31:01,2022,Q3,3895062000,2708479000,1186583000,0.3046377696,0,0,0,350112000,2766000,352878000,3061357000,370000,65000,18541000,829883000,0.2130602799,833705000,0.2140415223,-22428000,811277000,0.2082834625,183349000,627928000,0.1612112978,2.72,2.7,230967000,232300000,https://www.sec.gov/Archives/edgar/data/822416/000082241622000050/0000822416-22-000050-index.htm,https://www.sec.gov/Archives/edgar/data/822416/000082241622000050/phm-20220930.htm,14211844000,8164003000,Consumer Cyclical,Residential Construction,NYSE,1980-03-17
2022-12-31,PHM,USD,0000822416,2023-02-06,2023-02-06 16:32:06,2022,Q4,5171378000,3673844000,1497534000,0.2895812296,0,0,0,350831000,2765000,353596000,4027440000,923000,68000,18984000,1182867000,0.2287334246,1143938000,0.2212056438,19877000,1163815000,0.2250493002,281584000,882231000,0.170598823,3.86,3.84,227200000,228102000,https://www.sec.gov/Archives/edgar/data/822416/000082241623000007/0000822416-23-000007-index.htm,https://www.sec.gov/Archives/edgar/data/822416/000082241623000007/phm-20221231.htm,14796515000,8914098000,Consumer Cyclical,Residential Construction,NYSE,1980-03-17
2023-03-31,PHM,USD,0000822416,2023-04-25,2023-04-25 16:25:00,2023,Q1,3575641000,2541332000,1034309000,0.2892653373,0,0,0,336518000,2670000,339188000,2880520000,7096000,107000,19139000,721368000,0.2017450857,695121000,0.1944045837,7001000,702122000,0.1963625543,169863000,532259000,0.1488569462,2.35,2.35,225127000,225957000,https://www.sec.gov/Archives/edgar/data/822416/000082241623000017/0000822416-23-000017-index.htm,https://www.sec.gov/Archives/edgar/data/822416/000082241623000017/phm-20230331.htm,14831042000,9263809000,Consumer Cyclical,Residential Construction,NYSE,1980-03-17
2023-06-30,PHM,USD,0000822416,2023-07-25,2023-07-25 16:12:05,2023,Q2,4188753000,2935633000,1253120000,0.2991630206,0,0,0,314637000,2623000,317260000,3252893000,15302000,120000,20065000,973198000,0.2323359721,935860000,0.223422102,17153000,953013000,0.2275171155,232668000,720345000,0.1719712287,3.23,3.21,222160000,223392000,https://www.sec.gov/Archives/edgar/data/822416/000082241623000035/0000822416-23-000035-index.htm,https://www.sec.gov/Archives/edgar/data/822416/000082241623000035/phm-20230630.htm,15225916000,9705025000,Consumer Cyclical,Residential Construction,NYSE,1980-03-17
2023-09-30,PHM,USD,0000822416,2023-10-24,2023-10-24 16:19:44,2023,Q3,4003533000,2821034000,1182499000,0.2953638699,0,0,0,353167000,2623000,355790000,3176824000,19303000,120000,20561000,867995000,0.216807255,826709000,0.2064948634,20605000,847314000,0.2116415676,208539000,638775000,0.159552825,2.92,2.9,218288000,219682000,https://www.sec.gov/Archives/edgar/data/822416/000082241623000042/0000822416-23-000042-index.htm,https://www.sec.gov/Archives/edgar/data/822416/000082241623000042/phm-20230930.htm,15717263000,10012501000,Consumer Cyclical,Residential Construction,NYSE,1980-03-17
2023-12-31,PHM,USD,0000822416,2024-02-05,2024-02-05 16:52:45,2023,Q4,4293652000,3044095000,1249557000,0.2910242842,0,0,0,308319000,2623000,310942000,3355037000,19832000,122000,21059000,967999000,0.225448872,938615000,0.2186052805,8203000,946818000,0.2205157754,235825000,710993000,0.1655916688,3.3,3.28,214399000,215763000,https://www.sec.gov/Archives/edgar/data/822416/000082241624000010/0000822416-24-000010-index.htm,https://www.sec.gov/Archives/edgar/data/822416/000082241624000010/phm-20231231.htm,16087050000,10383257000,Consumer Cyclical,Residential Construction,NYSE,1980-03-17
2024-03-31,PHM,USD,0000822416,2024-04-23,2024-04-23 16:18:44,2024,Q1,3949160000,2777508000,1171652000,0.2966838518,0,0,0,357594000,2540000,360134000,3137642000,17379000,115000,21061000,889819000,0.2253185488,811518000,0.2054912944,57125000,868643000,0.2199563958,205667000,662976000,0.1678777259,3.13,3.1,211837000,213546000,https://www.sec.gov/Archives/edgar/data/822416/000082241624000016/0000822416-24-000016-index.htm,https://www.sec.gov/Archives/edgar/data/822416/000082241624000016/phm-20240331.htm,16496230000,10761953000,Consumer Cyclical,Residential Construction,NYSE,1980-03-17
2024-06-30,PHM,USD,0000822416,2024-07-23,2024-07-23 16:08:57,2024,Q2,4599655000,3205689000,1393966000,0.3030588164,0,0,0,361145000,2498000,363643000,3569332000,17141000,117000,21830000,1070259000,0.2326824512,1030323000,0.2240000609,17989000,1048312000,0.2279110064,239179000,809133000,0.1759116716,3.86,3.83,209547000,211201000,https://www.sec.gov/Archives/edgar/data/822416/000082241624000029/0000822416-24-000029-index.htm,https://www.sec.gov/Archives/edgar/data/822416/000082241624000029/phm-20240630.htm,16544069000,11222823000,Consumer Cyclical,Residential Construction,NYSE,1980-03-17
2024-09-30,PHM,USD,0000822416,2024-10-22,2024-10-22 16:19:07,2024,Q3,4476342000,3175459000,1300883000,0.2906129603,0,0,0,406897000,2498000,409395000,3584854000,13748000,120000,22084000,928400000,0.2074014899,891488000,0.1991554711,14708000,906196000,0.2024411897,208282000,697914000,0.1559116797,3.38,3.35,206774000,208460000,https://www.sec.gov/Archives/edgar/data/822416/000082241624000037/0000822416-24-000037-index.htm,https://www.sec.gov/Archives/edgar/data/822416/000082241624000037/phm-20240930.htm,16955093000,11564213000,Consumer Cyclical,Residential Construction,NYSE,1980-03-17
2024-12-31,PHM,USD,0000822416,2025-02-06,2025-02-06 14:08:23,2024,Q4,4921794000,3567091000,1354703000,0.2752457742,0,0,0,195639000,2498000,198137000,3765228000,11218000,127000,24187000,1207042000,0.2452443154,1156566000,0.2349887053,26162000,1182728000,0.2403042468,269489000,913239000,0.1855500251,4.47,4.43,204339000,206180000,https://www.sec.gov/Archives/edgar/data/822416/000082241625000007/0000822416-25-000007-index.htm,https://www.sec.gov/Archives/edgar/data/822416/000082241625000007/phm-20241231.htm,17363763000,12121964000,Consumer Cyclical,Residential Construction,NYSE,1980-03-17
2025-03-31,PHM,USD,0000822416,2025-04-22,2025-04-22 16:15:34,2025,Q1,3892650000,2825040000,1067610000,0.2742630342,0,0,0,393337000,2367000,395704000,3220744000,10262000,127000,24668000,705932000,0.1813499801,671906000,0.1726088911,9231000,681137000,0.1749802834,158338000,522799000,0.1343041373,2.59,2.57,202063000,203664000,https://www.sec.gov/Archives/edgar/data/822416/000082241625000033/0000822416-25-000033-index.htm,https://www.sec.gov/Archives/edgar/data/822416/000082241625000033/phm-20250331.htm,17336546000,12300972000,Consumer Cyclical,Residential Construction,NYSE,1980-03-17
2025-06-30,PHM,USD,0000822416,2025-07-22,2025-07-22 16:13:17,2025,Q2,4403755000,3205549000,1198206000,0.2720873436,0,0,0,390453000,2301000,392754000,3598303000,9581000,141000,25046000,832343000,0.1890075629,805452000,0.1829011832,1704000,807156000,0.1832881257,198673000,608483000,0.1381736722,3.05,3.03,199243000,200681000,https://www.sec.gov/Archives/edgar/data/822416/000082241625000051/0000822416-25-000051-index.htm,https://www.sec.gov/Archives/edgar/data/822416/000082241625000051/phm-20250630.htm,17587811000,12574942000,Consumer Cyclical,Residential Construction,NYSE,1980-03-17
2025-09-30,PHM,USD,0000822416,2025-10-21,2025-10-21 16:16:01,2025,Q3,4404799000,3181610000,1223189000,0.2776946235,0,0,0,400681000,0,400681000,3582291000,19843000,268000,25835000,572444000,0.129959165,822909000,0.1868210104,-55121000,767788000,0.1743071591,181954000,585834000,0.1329990313,2.98,2.98,196536000,198141000,https://www.sec.gov/Archives/edgar/data/822416/000082241625000061/0000822416-25-000061-index.htm,https://www.sec.gov/Archives/edgar/data/822416/000082241625000061/phm-20250930.htm,17850979000,12826037000,Consumer Cyclical,Residential Construction,NYSE,1980-03-17
