Ticker,Sector,RMSE,MAE,NRMSE,MAPE (%),MdAPE (%),sMAPE (%),Accuracy (%)
MMM,Industrials,2751.658042718862,2319.2616019351517,0.43374181001243056,36.47646262762399,52.24277923735453,28.85598411318464,63.52353737237601
ABT,Healthcare,2758.837674100106,2403.220944733616,0.26501802825169135,22.887162807724426,26.031880143235735,19.96135835921867,77.11283719227558
MO,Consumer Staples,97.66576525219007,73.1448681299471,0.018507819831758584,1.4209908066711134,0.8297260175668978,1.4180622457289638,98.57900919332889
AEP,Utilities,837.0665619785542,756.1408012488702,0.1779402580627003,15.207423169793524,17.157723582868737,16.717494673964893,84.79257683020647
ADM,Consumer Staples,3151.897935601257,2735.0205033194397,0.1374813720492565,11.806803658737252,13.727197148399304,12.006243176007453,88.19319634126275
BA,Industrials,8777.10130767593,7827.1620355380055,0.5163608252544962,42.40791406559477,43.971445174561,56.95570877869925,57.59208593440523
BMY,Healthcare,4062.4003909623266,3370.983513691908,0.34876376982849633,28.8602525302603,33.249105971443655,23.98131336352408,71.1397474697397
CPB,Consumer Staples,329.5103569329543,291.4535540776889,0.14196913267253522,12.591380965898258,12.033502712452453,13.662560694199033,87.40861903410175
CAT,Industrials,1450.9023306034842,1261.6085322735535,0.09147032723512064,8.463512605516016,6.398676967394816,8.397408739687744,91.53648739448398
CVX,Energy,25644.773930748917,24694.032288435643,0.5250557702540625,48.92518054508303,51.283298793292644,65.52603524020762,51.07481945491697
CMS,Utilities,293.0477246582206,258.7838362548161,0.1502808844401131,12.858177832129597,11.264721998861301,13.97660174667349,87.1418221678704
KO,Consumer Staples,1323.8109941606956,1237.9804161325744,0.11715141541245086,10.795839734684664,10.345439268714586,11.480695335498437,89.20416026531534
CL,Consumer Staples,219.1779972548849,178.09924301120446,0.045453753059909785,3.6527582173266784,3.0853281558767915,3.7530517138614674,96.34724178267332
COP,Energy,10800.140044162385,10314.52603082766,0.7573199666336436,67.09635578615352,69.67448000131134,102.99401503640655,32.903644213846476
ED,Utilities,593.248966106963,514.1543780973526,0.16169227748895143,13.057666911317883,12.895478755500692,14.224080626525911,86.94233308868212
CSX,Industrials,773.1260087128919,728.880020664858,0.2100885893241555,19.55751366873319,19.367692361968345,21.87524511264006,80.4424863312668
CVS,Healthcare,3760.2572790507297,3367.985151000647,0.042519050612873914,3.8968257599086895,4.410293462818181,3.913127792200651,96.1031742400913
DE,Industrials,2379.9701495298727,1972.9088683132886,0.19001757680877243,14.789062604069288,13.945265180467157,15.908595458868541,85.21093739593071
DTE,Utilities,893.1227689019038,654.3052463708763,0.2599309571891453,15.720198337477912,13.333482981086286,17.31730755726541,84.27980166252209
ETN,Industrials,1171.704688083542,1017.9407773162144,0.1997450883197308,16.926374410086193,19.171382179138565,18.936675759487397,83.0736255899138
EIX,Utilities,962.9296864988204,904.8957217036595,0.24025191778912705,21.332307287605637,22.826258406813086,24.255642028280157,78.66769271239437
ETR,Utilities,431.77870451106753,342.64375208350623,0.1461862746430033,10.466567971765576,7.623460880685023,11.315852308794403,89.53343202823443
EXC,Utilities,2189.9715150783495,1846.0802952635013,0.40804388207161346,31.824538668303354,33.358672169814824,39.294994928906824,68.17546133169665
XOM,Energy,40849.127830647034,39334.53757920512,0.5000627733650848,45.23385257963686,46.99599092763903,59.19149009095579,54.76614742036314
F,Consumer Discretionary,12379.70500047324,9754.836762757512,0.2894009631454578,21.770635960832045,19.76938870959713,26.282887594316968,78.22936403916796
GE,Industrials,3717.311631867299,3176.1198852332773,0.30417409638059906,29.578978069381083,20.604823445423648,24.259946386166,70.42102193061892
GD,Industrials,757.418145745758,635.2032026139937,0.07165056718813337,5.76609353432145,4.529267039093188,5.790821343335108,94.23390646567854
GIS,Consumer Staples,392.07502562685914,290.56944354113324,0.08015927085926955,5.956796628523986,5.744923815662462,6.040802335395795,94.04320337147601
HAL,Energy,1495.377175027692,1389.1451865025822,0.2670316383978019,25.17455498802868,28.32171091128755,29.07915524848108,74.82544501197131
HIG,Financial ,1181.4221884008655,822.4514467068502,0.19618435543023327,13.864681505074703,7.416699878745528,15.799602569021905,86.1353184949253
HSY,Consumer Staples,285.2717261686624,222.45635062957135,0.10736161423766734,8.269455028035273,6.227124681852311,8.832900550202343,91.73054497196473
HON,Industrials,593.9234286732157,456.4440182677595,0.06495225597913552,4.777362000425489,3.672598366284651,4.946969060113313,95.22263799957452
IBM,Information Technology,5846.3943384734175,5122.900136033174,0.39631198064489015,49.70909483230631,32.97445259128642,42.63692052007806,50.29090516769369
IP,Consumer Discretionary,865.4813051272932,520.687677027248,0.1814426216199775,11.638371623164524,2.83569979991569,10.94369211498305,88.36162837683548
KMB,Consumer Staples,347.9708098687029,329.0654322229002,0.06945525147079898,6.634506663841506,6.706251120959481,6.816697848093131,93.3654933361585
KR,Consumer Staples,2311.3218381372003,1743.054041297376,0.06758646231174929,4.711322270048369,2.8044066291852636,4.561749065925253,95.28867772995163
LMT,Industrials,1349.6653009868314,1198.3711703419447,0.07849173021150516,7.114188002778696,6.804355720200974,6.802062820096381,92.88581199722131
MRK,Healthcare,4118.485383551558,3912.3033522579517,0.27392653033266096,25.726083729795455,28.301665659888677,29.89074175912708,74.27391627020455
MSI,Information Technology,1041.8304519989026,943.130759693081,0.4335540790673753,37.34645772319975,38.299553237601486,47.98939224483964,62.65354227680025
NSC,Industrials,343.0347458222797,317.71093883540163,0.113437415946521,10.324898636095497,10.45348322089192,10.971298337250118,89.6751013639045
NOC,Industrials,603.1337371341565,515.9744497558786,0.06170166108789328,5.4575329708192575,6.063694704875336,5.260143825204086,94.54246702918074
OXY,Energy,2846.9962604020666,2623.1809991188143,0.40172093416143195,34.25373926646861,31.797433843978762,42.05406217863382,65.74626073353139
PEP,Consumer Staples,3071.17228543288,2361.330103801392,0.13649047977569342,10.449340134046942,7.20738964293044,9.643673403590807,89.55065986595307
PFE,Healthcare,6439.577993836546,4765.727567882881,0.3625276132318045,21.33653782797985,20.994795221382642,25.804220107604603,78.66346217202015
PPG,Materials,680.5314449682954,588.4059918014983,0.1564440103375391,15.572996326719021,12.822155088179299,15.091442170417842,84.42700367328098
PG,Consumer Staples,1872.548298866011,1763.2318404959806,0.09110827124341991,8.489977615276679,8.992342564133173,8.91145164486811,91.51002238472333
PEG,Utilities,467.96402493382556,384.410011882695,0.189843417823053,14.341887992849411,12.88829622276684,14.951603118003549,85.65811200715059
RTX,Industrials,4331.395105453219,3813.2564589488356,0.23649440925215515,19.580572454157572,18.809390326625643,22.176462339353428,80.41942754584242
SPGI,Financial ,815.2793400878138,723.7772726430215,0.2629085263101624,22.072346263639623,26.43786017958631,25.502299879872613,77.92765373636038
SLB,Energy,1644.4384115992796,1446.9364098687358,0.19788669212987725,17.0065640587598,19.897171174245543,19.040282657468342,82.9934359412402
SO,Utilities,899.2257449170417,681.3462901890523,0.13530330197367474,9.662276021893081,7.118642439685134,10.500812658065488,90.33772397810692
UNP,Industrials,507.4486190718772,464.30175528726375,0.08414004627290285,7.643080755912776,7.568952672304801,8.0027803639653,92.35691924408722
XEL,Utilities,522.4743733286325,443.92027128145804,0.15069927122256477,12.016432977224447,11.814535119685289,13.052844026793005,87.98356702277556
SHW,Materials,1152.7819474756327,998.1577423121776,0.21427970323722678,17.51757256419214,17.339863998346335,15.759585389925526,82.48242743580786
CMI,Industrials,1287.2592118184878,1116.941288280081,0.15319043339503594,14.212612019527917,14.022634483767307,14.978344356091391,85.78738798047209
EMR,Industrials,1888.1572087635498,1826.9403692628039,0.45862453455514934,45.71268705996824,43.34384060725873,40.26989096582571,54.28731294003176
CLX,Consumer Staples,290.77048202345514,233.26198014949205,0.1613598679375445,13.519886514822494,13.629818089284681,12.209065883360449,86.48011348517751
NEM,Materials,837.8150632775155,625.1154758605492,0.2648798808970964,15.982635511567054,17.922004222806038,16.514019628526036,84.01736448843295
MCD,Consumer Discretionary,1972.0644562409393,1819.9464642156806,0.31967327869037737,28.940962829849433,29.190428886295667,34.822384340039555,71.05903717015056
LLY,Healthcare,1920.8667804138108,1381.160376158165,0.23109283820139465,13.228786015008978,11.953144420959172,13.85376285255292,86.77121398499102
BAX,Healthcare,515.5121777184214,464.75627864948365,0.15979918714148225,15.458016000699592,12.287553296716409,14.646527627107886,84.54198399930041
BDX,Healthcare,1063.7251740412144,979.9624765970511,0.2180658413368621,19.643657659485246,21.011989947800544,17.64933754251473,80.35634234051476
JNJ,Healthcare,3028.7522551711777,2727.19065005472,0.1347849341449502,12.37337552245986,13.37403205874972,11.540833454563169,87.62662447754013
GPC,Consumer Discretionary,593.8543036808817,554.5063638481993,0.10291793741381444,9.584018754041928,10.186763951506547,10.137475023163756,90.41598124595808
HPQ,Information Technology,1613.0559910359932,1439.7127856095656,0.1167442998506182,10.287973681882283,9.936700451847322,9.75839137073008,89.71202631811772
WMB,Energy,943.1593711486829,791.549335358139,0.343842278945929,27.87754839980513,25.490726114210954,34.665200277311456,72.12245160019486
JPM,Financial ,26298.9357868563,22297.86333098133,0.4269931611251042,35.36504967421702,46.49713059663669,46.050228456471736,64.63495032578298
IFF,Materials,1102.9514617300779,907.7734294768297,0.37707742281370166,30.767373265049038,28.98117596217374,29.860794767972255,69.23262673495097
AXP,Financial ,5639.032224147524,5095.827348042819,0.3282514828655641,29.12347371771698,33.700047350890756,35.0041932577213,70.87652628228302
BAC,Financial ,20654.711130789434,18011.21814747037,0.47327599859743924,41.15034694900105,51.59729823006132,55.23838042355926,58.84965305099895
CI,Healthcare,6881.080462080657,6059.3985409197985,0.1416268155863964,11.384478284386127,10.249579143347798,10.814433259156662,88.61552171561388
DUK,Utilities,444.8938806563227,369.72872607479445,0.06114539316332089,5.0217695769757045,5.783667836725292,5.195188452607817,94.9782304230243
TAP,Consumer Staples,308.428511315457,277.4697574015521,0.10926719499608778,9.731202016196015,10.311764743863094,10.337887848796177,90.26879798380398
NEE,Utilities,1766.515926231133,1612.0795346847863,0.28658597116014467,26.653091640848004,27.999452181824548,30.094370846345715,73.346908359152
DIS,Communication Services,2869.003207781652,2711.963340837539,0.1299190874329417,12.21220793214239,11.541912725513512,13.099538789133833,87.78779206785761
WFC,Financial ,6030.878201059056,5352.139219292389,0.2035602052539595,18.796752204140095,20.159283034466732,20.752515310741813,81.20324779585991
INTC,Information Technology,8523.197001442162,7639.777233530818,0.6020057212489162,56.10367147391897,65.21717319382503,41.34461057064367,43.89632852608103
TGT,Consumer Staples,16592.170025232004,13778.187763412121,0.6519004410353607,52.23710059385019,54.09446471998748,38.295090233564366,47.76289940614981
TXT,Industrials,356.5445315998278,284.8520109410229,0.10732827561704637,8.677710514012684,5.496044978646742,8.12493151493173,91.32228948598731
WY,Real Estate,5652.884136302622,4565.4832457813245,2.915360565395885,245.71905381349018,194.3193747503889,91.06722532612794,0.0
WBA,Healthcare,2777.0407184893447,2455.423813033972,0.07841425154565425,6.880625414977111,7.937717878100534,6.592206884090912,93.11937458502288
AIG,Financial ,11957.165851573804,11354.695283379902,1.1194799973386196,129.0514603118811,96.95224286234345,99.77662499484225,0.0
FDX,Industrials,4276.2892464867455,3581.5517819376696,0.19292981035356402,16.20736561117701,18.432509794108384,14.556577239210528,83.79263438882299
PCAR,Industrials,1814.927260176228,1663.0035144314381,0.2299355470754864,21.46529077161765,21.250165740109807,23.49399590398702,78.53470922838235
ADP,Industrials,559.6113466093025,509.4535176327036,0.12399985522031963,10.73277280884895,11.747083762135386,11.444425330562211,89.26722719115105
MAS,Industrials,223.35492443311884,201.56024342793106,0.11046237607968289,9.825401247459414,9.736764201000799,10.433542703526834,90.17459875254059
GWW,Industrials,644.8978091832209,605.5221660347081,0.15763818361848478,14.794424562079836,15.790571680402788,16.1128292139201,85.20557543792016
WMT,Consumer Staples,6810.652144737237,5865.948252548976,0.042169131837043614,3.582897416532867,3.111551656816107,3.662311659585382,96.41710258346713
SNA,Industrials,67.50311587121642,61.27882502841061,0.057060960161636864,5.189267157533588,5.865661517749171,5.029930441911945,94.81073284246641
SWK,Industrials,2180.269681055751,1920.1037277397265,0.5468720981879582,49.10893707429748,43.01016752387146,37.37945106996644,50.89106292570252
AAPL,Information Technology,69733.89854087101,58261.840260158075,0.7415659804848247,59.882831661179004,61.71068690355784,42.72625058718672,40.117168338820996
CAG,Consumer Staples,429.57112285686094,403.44780665798817,0.14761894256249522,13.519776615803766,12.517568259255258,14.619547726794607,86.48022338419624
T,Communication Services,19618.358340236708,19306.13883741172,0.6464038991840764,62.82925392547121,66.72780047511041,47.47487170464783,37.17074607452879
VZ,Communication Services,1697.925679483515,1494.9199960297003,0.05060277998103105,4.412387209726274,4.382672578369992,4.304484184244322,95.58761279027372
LOW,Consumer Discretionary,6479.738091525322,5347.432242183145,0.2886940562051824,24.59566261044854,27.393679589813523,20.857099478151774,75.40433738955146
PHM,Consumer Discretionary,716.3799080081276,544.447103287394,0.17102462427556075,12.580653846014869,8.700600222109287,11.567766924662706,87.41934615398513
HES,Energy,1868.5724998562405,1758.3985855716096,0.6368686093579553,63.82884573184996,69.68091367757455,96.37217682439965,36.17115426815004
HAS,Consumer Discretionary,446.37747569641465,359.7438179196501,0.34837858089160584,29.693138652759814,22.640582466185197,25.262325866021897,70.30686134724019
BALL,Consumer Discretionary,483.408760923755,441.0607083805065,0.14481988044450422,13.358150533191813,13.724493306518387,13.008834922818227,86.64184946680818
APD,Materials,767.4693441322121,734.8837319789664,0.2560706496720869,23.807117669250317,24.992990361675947,27.288073659855932,76.19288233074968
NUE,Materials,3106.825278651932,2808.058159931782,0.35612573913164275,29.908561509632197,27.069269935137292,36.036908762183785,70.0914384903678
RVTY,Healthcare,1481.792337008003,1352.0159448447905,2.08174500108598,187.909860270688,194.42433420250833,89.44562808724615,0.0
CNP,Utilities,238.93413549507542,193.93498941875515,0.12290850591310465,8.549565792242106,9.625402828618949,8.92238013144086,91.4504342077579
TJX,Consumer Discretionary,4513.581926512518,3810.41176575742,0.34425916608287105,28.240660207698443,26.845244062583934,31.68069395350177,71.75933979230156
DOV,Industrials,223.69213248106175,205.45031189986258,0.1101022665430225,9.99370762250205,7.363938900311824,10.611445870278056,90.00629237749794
PH,Industrials,925.6267358757489,813.5369776373118,0.19200101886118004,16.746095669426904,22.13586321868383,18.72951455830579,83.25390433057309
ITW,Industrials,686.0354749130864,649.7584039648553,0.1726744210704975,16.39042553586158,16.214182092668743,18.03036612328232,83.60957446413842
MDT,Healthcare,1140.962768622086,1026.9394502117575,0.14285248135997078,12.58674397177186,13.49990479267663,11.699016363464631,87.41325602822815
SYY,Consumer Staples,11800.896856440986,11401.40446569803,0.6118276826237343,59.424502010915546,62.379433987193444,86.572132346448,40.575497989084454
MMC,Financial ,515.1087058669655,451.06057124531935,0.09041753657485796,7.5410009143378405,6.173464994509237,7.890963300944777,92.45899908566216
AVY,Industrials,151.94305509198838,119.94078343287805,0.06959648914070554,5.3937440195340765,4.860608346947891,5.487745390948054,94.60625598046592
HD,Consumer Discretionary,12430.49723500015,10916.193703988773,0.31948435373188405,27.397251149878354,31.29043712686153,23.446582532197972,72.60274885012164
PNC,Financial ,2205.4016624976416,1913.0052493975568,0.27786338194502214,23.780806416575338,29.942013408802286,28.100948803169747,76.21919358342467
C,Financial ,17389.36079821884,14871.22219797593,0.426753725292501,37.51399089725358,48.23798067672123,49.47164899208216,62.48600910274642
NKE,Consumer Discretionary,1890.152549601776,1451.5434952215617,0.1529992350333315,12.31051933287369,6.487826283646567,11.26916937925092,87.6894806671263
ECL,Materials,314.20864917217085,295.5569363625696,0.08503617027663617,7.909532956390078,8.891483486871186,8.27326711744473,92.09046704360992
GL,Financial ,83.07357694733408,61.07683120762692,0.06263057988831025,4.651055979919209,3.5480080314254856,4.608542411159416,95.3489440200808
ORCL,Information Technology,2528.1813190325684,2198.005692107543,0.19536212959064747,16.20590156862273,18.13144540834959,18.059212214096775,83.79409843137728
K,Consumer Staples,605.7252375448799,507.85290110335313,0.186090702778765,15.716863205801769,16.417795805596892,14.149007087573459,84.28313679419823
ADSK,Information Technology,221.4035706793448,194.0680292379236,0.1667195562344464,13.390202167157838,13.61542665115224,14.549404740522261,86.60979783284216
AEE,Utilities,513.235184000321,462.83424162396744,0.27314272698260844,23.461982639332362,21.603893956368374,27.218376552700924,76.53801736066764
AMGN,Healthcare,807.206126621185,571.4739254430837,0.11693555361743957,6.985847845060365,2.716172286626391,7.431722214969645,93.01415215493964
LIN,Materials,1733.0882373084219,1374.8002870300024,0.21106908260972124,16.68256727483701,13.562182630402663,14.82240860777106,83.31743272516299
IPG,Communication Services,241.35304464804136,212.53925446264284,0.09150132488457417,8.023009232166913,9.319718737942646,8.385055113989969,91.97699076783309
MS,Financial ,7794.879426374615,5955.647003652799,0.5600172014063238,26.785073829982526,24.970705240269798,32.03550568232226,73.21492617001748
COST,Consumer Staples,3337.1210558363937,2765.6160003045457,0.057030181249874294,4.234095424873866,3.6237429329807918,4.156140323444442,95.76590457512613
CSCO,Information Technology,772.6171682220471,587.5244918206361,0.05667672888952805,4.150355513460489,3.49462668298723,4.282761482574421,95.84964448653952
EMN,Materials,280.67687398042875,202.75422917307478,0.11888050570962673,7.783304616586345,4.193570740909243,8.357097852509058,92.21669538341365
KEY,Financial ,566.7221604666053,459.77720936869673,0.23742025993573734,17.918533747936067,24.147607145439235,20.569296296211107,82.08146625206393
MSFT,Information Technology,6309.683865891846,5574.071358110275,0.11229393414888761,9.23595966999284,8.282470656080779,9.760554908476845,90.76404033000716
LUV,Industrials,5951.804073910732,5821.833128786196,0.9259184931410597,93.50270786949216,96.80476024837162,176.9522909283601,6.497292130507844
UNH,Healthcare,6878.104147861101,6094.723597923928,0.07446978863222688,6.457425124601814,6.8590489444479665,6.718499096995136,93.54257487539819
MU,Information Technology,5310.814507749581,4809.056566445592,0.690882594997994,87.39159081042781,68.71230890735121,54.2125256498415,12.608409189572185
PARA,Communication Services,2073.9012629985073,1876.5883629419598,0.2854647299378535,26.08312917795742,22.04452295540335,31.319305157972938,73.91687082204258
BSX,Healthcare,1478.0770222307808,1295.2205435828853,0.4190748574513127,33.19996321851475,32.57862101655329,41.29754303670378,66.80003678148525
GLW,Information Technology,483.3093591820996,420.4965740085856,0.14000850497743325,12.70089157006922,12.157242837893302,11.841810515890785,87.29910842993078
AMAT,Information Technology,663.8787360304593,608.6130209636538,0.0989829634755419,9.205246844721572,9.769939348410603,9.745128933164182,90.79475315527843
BK,Financial ,3006.4646543501153,2580.7335480456945,0.6884508024616702,40.506272855093535,40.114928210944775,41.46177872561059,59.493727144906465
DRI,Consumer Discretionary,717.4122316482027,675.6284436164257,0.26021481017345033,24.061027729711114,25.025437392049994,27.683634120277656,75.93897227028889
L,Financial ,966.0206004697161,716.9258104771242,0.25202728945205216,18.320942894835333,11.834706575963926,21.53618825076903,81.67905710516467
ALL,Financial ,2060.4907007142115,1660.5801943586107,0.14724101048407984,10.799150786097265,9.186423372380792,11.721129369529603,89.20084921390273
FITB,Financial ,846.2127417516449,728.7411169326658,0.27519113552899,23.483249845764263,30.43734858351246,27.688941739951424,76.51675015423574
AON,Financial ,642.8277810418795,490.4571657693974,0.19046749067907548,12.742759010910747,10.470556354423694,14.169003105988528,87.25724098908925
AZO,Consumer Discretionary,332.33788071148524,295.8943216914718,0.07931167335989614,6.656289536349778,6.739420621435562,6.7346719124074275,93.34371046365023
ADBE,Information Technology,1256.6459808173095,1047.2485745855995,0.2569828181630491,19.770037139823717,17.889297936901404,17.505090493975686,80.22996286017629
CAH,Healthcare,8339.894508767398,7718.873498640675,0.15953276792408508,14.527480829111886,14.169823121930895,15.808819156440338,85.47251917088812
SCHW,Financial ,906.6781057517619,668.827567924537,0.1649405322451813,11.538215253608758,8.720313602442701,11.49985040107132,88.46178474639125
EFX,Industrials,397.7739876808414,344.51563453381453,0.2998673107281126,24.69676587807294,25.49523455120409,21.357822445683244,75.30323412192706
APA,Energy,710.6723130466077,607.3519364500357,0.3079169467272996,23.98621641229951,22.933661005089306,28.27038873701292,76.01378358770049
PGR,Financial ,1643.135230287359,1291.7777393309327,0.10564476129253782,7.382072179972973,6.504396002860115,7.5560745429153435,92.61792782002702
HBAN,Financial ,1118.083663461265,1026.2770930907975,0.4058379903670654,37.87282088635974,44.485298736337725,47.88395103472451,62.12717911364026
KLAC,Information Technology,287.62032641037877,247.79486846744723,0.11566225085127137,9.499970816850286,9.774774510120206,9.345850557760127,90.5000291831497
YUM,Consumer Discretionary,294.451379900047,249.4984198511796,0.1723954214871469,13.638524494599702,12.836865327676067,14.997937949783843,86.36147550540029
FE,Utilities,593.0876212951588,522.9000499853861,0.1866816560576514,15.813205062092361,17.091615130996598,17.54628078658495,84.18679493790764
TFC,Financial ,1950.2979213643134,1069.3899201883246,0.26426801102497494,46.14372577410454,8.764961364759069,17.48469227364122,53.85627422589546
CINF,Financial ,173362.21889745112,65010.173781370184,68.1455262961679,2994.568758585856,102.9010675853443,170.4888379276685,0.0
OMC,Communication Services,257.84633194796845,203.80712268340432,0.06986948080098869,5.276953854233324,3.260897473798764,5.491912395987233,94.72304614576667
NTRS,Financial ,1406.974078717538,1100.7216958317313,0.4720439101917528,32.31669238404158,41.89664266060648,42.23986508783295,67.68330761595843
BEN,Financial ,169.31169586819524,155.7722446014631,0.08136073804334229,7.562406594742808,7.344994446874442,7.337361308715268,92.43759340525719
MAR,Consumer Discretionary,5124.448923756845,4944.422184209516,0.8644481990143119,87.46745735084104,92.75712912745763,158.4241037556587,12.532542649158955
COF,Financial ,2834.019130226391,2265.248146902997,0.23489590801710641,17.260640525089443,22.411574667722057,19.74182576304366,82.73935947491056
MCO,Financial ,241.43179258233184,207.05108749856032,0.15821218386784525,13.775073418462846,11.645406724886424,12.519216778704486,86.22492658153715
RF,Financial ,749.9557618040402,649.6627595208905,0.3250783536211705,27.680018216851575,32.83671848205418,33.48882851469125,72.31998178314842
WM,Industrials,791.3029312801938,678.4378910691775,0.15458154547376313,12.459648514664474,11.586360152454205,13.527383685862887,87.54035148533552
PAYX,Industrials,66.44085177798094,51.34726366779264,0.051664736996874766,3.853955010845272,3.359522448752239,3.9723097624961317,96.14604498915473
AES,Utilities,673.6585445011931,633.2235770973355,0.22196327660665338,20.370981715486412,21.79848329620754,22.942002390239594,79.62901828451359
DHR,Healthcare,2398.7730361474732,1974.751793140203,0.3745156965101442,32.58191668285411,41.850212475705675,26.243252633248655,67.41808331714589
CCL,Consumer Discretionary,5221.19484175671,4748.455715455028,0.9676046778644763,99.00409501209741,99.9596936417327,196.2396188161745,0.9959049879025912
MCK,Healthcare,7641.725382157437,5168.458479234385,0.10259690643713909,5.9477808794328935,3.6589629134981685,6.317847666904634,94.0522191205671
AFL,Financial ,1757.528953741571,1510.8000094872825,0.34140034066464064,36.24434440295518,24.369809379204113,28.32218157057907,63.75565559704482
NTAP,Information Technology,73.12719721390611,57.01093518231044,0.04593416910421238,3.5724844019654562,3.196417671364418,3.6680114595080173,96.42751559803455
BBY,Consumer Discretionary,9830.753478224226,8617.36084224684,0.9517623659816269,80.9607547693946,84.49258879760288,53.731616407125685,19.039245230605403
VMC,Materials,422.86904018578156,396.28058857103855,0.23053428565980574,21.48841274000374,22.884935413891323,24.442082500266203,78.51158725999626
QCOM,Information Technology,1952.3886077970603,1720.8223606630218,0.19651621618490805,17.798668955637474,14.098150697352732,16.386404491929298,82.20133104436252
PNW,Utilities,292.6635407548487,260.70983504799506,0.27566363975480934,21.795883428598746,25.745524145202797,24.97628399577978,78.20411657140126
ADI,Information Technology,892.0154715260701,762.0647401673893,0.3323092790265705,26.386009231601815,24.853662922893154,31.811441450048285,73.61399076839818
USB,Financial ,2915.494354725681,2485.5107223398263,0.2843829842689894,24.724177094402968,33.90056104446668,29.468055615770744,75.27582290559704
ROK,Industrials,317.93087372097597,258.2446857620753,0.15613931525438368,12.023221279817559,12.340729194684034,13.141005160670469,87.97677872018244
A,Healthcare,352.45824694197944,272.0970231662603,0.21054853461289091,16.347884746410767,10.92996067368281,14.41279023578314,83.65211525358923
SBUX,Consumer Discretionary,879.7580867954161,756.3348888749039,0.10089200288944883,8.74321066541899,9.427393630141953,9.291539302642656,91.25678933458101
DVN,Energy,3046.5640433717454,2758.7275905098304,0.7526096945088301,65.64628759912155,74.34500483169383,109.3885219479677,34.35371240087845
EOG,Energy,1990.171886819388,1621.703889644294,0.33933024498199293,25.121225023552583,25.364416863076716,30.18691492890862,74.87877497644742
NI,Utilities,385.58656208266706,342.40594419084243,0.30053512243387925,23.818345268211694,24.752366423681014,27.582026444463146,76.18165473178831
INTU,Information Technology,948.9011746100915,926.5350105244361,0.29802172569412416,26.742233712720413,26.45620926194332,31.304347065522297,73.2577662872796
MET,Financial ,1996.2978588881215,1525.9508494918914,0.11512675080092963,8.468133877295507,6.576153830561775,8.59876063404266,91.53186612270449
SYK,Healthcare,596.2188360010869,482.5771811050712,0.11933923859109022,9.181174629145183,7.79279911387637,9.86319192934101,90.81882537085482
CTAS,Industrials,271.2955421091089,241.63813751155345,0.11582293789052306,9.978071902216183,10.78899910596338,10.619213969820358,90.02192809778381
TXN,Information Technology,1207.731829671235,1000.9902762674707,0.26654862716204675,23.804703283372046,27.70508116243851,20.27898965997672,76.19529671662795
FI,Information Technology,2193.4335731945584,1801.2668633982848,0.46119292960356567,36.29797592698456,30.656477075072246,29.236411771880526,63.70202407301544
ZBH,Healthcare,320.72845156538847,269.450042167492,0.17516572996471247,14.66035443108679,14.991295172274707,13.313491289088278,85.33964556891321
COR,Healthcare,8366.430572181938,7849.095041357351,0.12497087544526711,11.359033716900552,10.790232772745492,12.095393261647509,88.64096628309944
PPL,Utilities,704.7022944984657,624.169035955368,0.34697306474567474,29.68489830847546,34.15592094388036,36.140954157901106,70.31510169152455
NVDA,Information Technology,17284.780994774545,11838.79137034129,1.2796906044846774,42.200714347488436,43.92309789809979,60.75450839850447,57.799285652511564
EQR,Real Estate,89.6249525404755,82.57592113858144,0.12494608674988818,11.456366388850684,12.480812719773153,12.239640315249774,88.54363361114932
WAT,Healthcare,162.98411748270482,133.55844679772136,0.2290093432028249,17.836793034760646,15.34532404086623,15.85040684926825,82.16320696523935
SPG,Real Estate,347.1977678001853,315.13818721454163,0.2480166525109956,21.996710090753012,23.326067769911845,25.297319844636164,78.00328990924699
EBAY,Consumer Discretionary,739.0056230660923,681.007361381237,0.28912583062053687,26.720249517966565,25.921139901650303,23.145858993426423,73.27975048203344
EA,Information Technology,332.1817088644797,274.3183864428596,0.17725811572277467,14.696427901436035,13.025363035335616,16.460541923389243,85.30357209856396
GS,Financial ,11016.969083139258,9401.768786932449,0.387062821316771,32.73495365305622,38.97306183688378,40.691113294991176,67.26504634694378
PFG,Financial ,985.6933441100916,678.4407463194505,0.26848618857355494,16.265639165420293,14.703023170590654,17.04682186545202,83.7343608345797
PRU,Financial ,5530.284423492444,4634.053123721013,0.4015891673438706,37.66405151404257,27.31107240983984,29.477339622699976,62.33594848595743
UPS,Industrials,8586.091800789176,7060.472798069643,0.3706973405055338,31.266986772978,36.09267367246986,25.42133742978734,68.733013227022
ELV,Healthcare,5347.590658216741,4984.635707468178,0.12539195390570837,11.36631287319861,10.900928252382181,12.125126956410426,88.63368712680139
TRV,Financial ,1511.6186846923756,1226.80688757509,0.14213621858884593,10.814267220822735,11.713556279851268,11.737383108437571,89.18573277917727
CMCSA,Communication Services,3273.6203920289936,2663.7725690501657,0.10804740880681875,8.751626868431483,6.836364558254811,8.293901068984608,91.24837313156851
DGX,Healthcare,3045.488953099846,2679.4351897546267,1.225055894247726,106.5890117680627,119.21076490400795,65.09403716409616,0.0
VLO,Energy,17241.71820795488,16453.708905712298,0.4996296098975599,45.30338255768242,47.472858740128345,59.0198254515107,54.69661744231758
STT,Financial ,1846.6329198352657,1532.5078177224266,0.3970399741636778,29.679199638275527,33.7187356980909,37.27379612427464,70.32080036172448
MKC,Consumer Staples,280.90901115796026,243.23885510032306,0.1693038881135247,14.526951785486386,14.42135582822455,13.280980662175054,85.47304821451361
GEN,Information Technology,347.2326863422992,293.7725042942285,0.36666598346599705,30.338833390786508,36.24673946022688,37.834376843528865,69.6611666092135
PLD,Real Estate,289.94900732932473,234.03827689888493,0.1514359737945273,12.081211028857124,9.75065664104397,13.098236083241597,87.91878897114287
BIIB,Healthcare,3115.077562896052,2877.395603377959,1.241808874983477,115.29537154161278,109.83059799668003,69.8631645420131,0.0
MTB,Financial ,1328.6597528566933,1164.9988307804506,0.4190033909986417,37.87147765473188,48.240154957091875,49.48904319671014,62.12852234526812
GILD,Healthcare,1959.7318949624669,1776.838826292244,0.2782919475947839,25.603774516741044,27.80673747681341,22.223350331369975,74.39622548325896
TMO,Healthcare,2442.1399819141548,2013.790541952918,0.22819472826706735,18.547379791786568,20.011777563748296,16.7510243711443,81.45262020821343
TPR,Consumer Discretionary,269.4416649147636,231.19146853860596,0.16934301107080868,13.492786444297664,12.245863566300516,14.812310913378218,86.50721355570234
LH,Healthcare,2121.439066293506,1912.1899769041834,0.6463860652935727,59.23637930751519,71.28196532008644,43.49803307450483,40.76362069248481
DHI,Consumer Discretionary,3562.4542200602855,2620.0011859618253,0.43930477600536244,30.260356371279435,20.529045842216735,23.890722066414334,69.73964362872056
STZ,Consumer Staples,261.9209065414144,225.31765407343374,0.10632064401924672,8.92446726057213,8.378323959630533,9.462944022431648,91.07553273942787
TSN,Consumer Staples,854.4537545556686,751.5196514220673,0.06443844302833102,5.685011263945273,5.210086715729109,5.90310658381715,94.31498873605473
PSA,Real Estate,149.64140025336914,142.92945380282563,0.13363583615686175,13.14512218537813,13.025587256491434,14.157759270878934,86.85487781462187
AMP,Financial ,404.4600688078387,347.46252576570646,0.10434986295351872,8.76167394759292,8.534684187038872,9.11149075849977,91.23832605240707
LEN,Consumer Discretionary,2171.5948401074884,1533.26176888247,0.25749444364034735,17.651581659339826,9.379689125395188,15.211710270128842,82.34841834066017
AMZN,Consumer Discretionary,95645.66757214401,79464.6299467711,0.6684628332656155,52.18419971666327,49.41033619624685,39.18170774144214,47.81580028333673
