Sector,Metric,count,mean,median,std,min,max,trimmed_mean_5%
Communication Services,RMSE,7,3764.763275015673,1117.3056905409114,5708.318991345146,263.83286369115046,15828.257888340457,3764.763275015673
Communication Services,MAE,7,3602.9046596339645,849.5735724672833,5715.97243029868,203.1593160761856,15742.399522750211,3602.9046596339645
Communication Services,NRMSE,7,0.18202772912825393,0.1190875968868248,0.1743163106474946,0.03329873310308493,0.521524147886012,0.18202772912825393
Communication Services,MAPE (%),7,16.79613398563007,9.560435970476412,17.52336247985221,2.478999821504213,51.26451686822189,16.79613398563007
Communication Services,MdAPE (%),7,16.8457392192246,7.001063186535976,18.964525930471954,1.9120661683868123,53.52391887103837,16.8457392192246
Communication Services,sMAPE (%),7,16.17689364370064,8.87386854020115,14.982067897972135,2.5329470737680984,40.680154978011686,16.17689364370064
Communication Services,Accuracy (%),7,83.20386601436994,90.43956402952358,17.523362479852207,48.73548313177811,97.52100017849578,83.20386601436994
Consumer Discretionary,RMSE,23,3507.0588339751184,1231.40924289439,7511.884342962251,298.7584817035224,36912.79630928414,2069.0856376400034
Consumer Discretionary,MAE,23,3068.3727291968594,993.0114941349835,6393.327326174643,245.35097904997298,31386.795329710785,1854.3060220365242
Consumer Discretionary,NRMSE,23,0.25789448571942186,0.21225125297613118,0.1921233058155479,0.06388044808564386,0.9572684375725529,0.23382972789945278
Consumer Discretionary,MAPE (%),23,23.341191954291848,18.165054740128696,20.079390604276956,5.0275535663497815,97.74605336604974,20.67018133411014
Consumer Discretionary,MdAPE (%),23,22.343740413168387,16.341082020676115,21.062953977884987,4.565541465394884,98.77488957860538,19.55074278375584
Consumer Discretionary,sMAPE (%),23,30.343916808405222,17.82413052344095,39.49981563264227,5.216084036149801,191.40241123689725,23.871028158108242
Consumer Discretionary,Accuracy (%),23,76.65880804570816,81.8349452598713,20.079390604276956,2.253946633950264,94.97244643365022,79.32981866588986
Consumer Staples,RMSE,22,3080.5300401984596,649.2178490292268,5654.110939023471,126.40057859311278,23501.54447208552,2207.185791684374
Consumer Staples,MAE,22,2758.5231884915825,584.7328875942483,5020.194374500482,106.910364291406,20777.78406614461,1990.14078581894
Consumer Staples,NRMSE,22,0.1400402751890013,0.11735984922543227,0.07612678674882423,0.050825256182463724,0.36344768197874133,0.1333306557998412
Consumer Staples,MAPE (%),22,12.19268415924705,9.899732510514404,7.2415659700716,4.336310041171794,35.64974391165522,11.412649877530402
Consumer Staples,MdAPE (%),22,12.243817624598222,10.475940649169058,7.759021166428084,4.460753035500282,36.966012653474564,11.396861102609304
Consumer Staples,sMAPE (%),22,13.412180361960354,10.475435614457346,8.983287159461144,4.301577461907136,43.70864602294661,12.3528872239137
Consumer Staples,Accuracy (%),22,87.80731584075295,90.10026748948559,7.2415659700716,64.35025608834478,95.6636899588282,88.58735012246959
Energy,RMSE,12,7378.868288053294,2885.2376263592923,9563.555373138068,616.5215176268582,30975.6844649017,7378.868288053294
Energy,MAE,12,6867.489749872715,2698.548608708259,8971.839934530011,518.7713724312882,29068.99302741788,6867.489749872714
Energy,NRMSE,12,0.4240245744401481,0.3974377798869587,0.14507395386531877,0.267123707810597,0.766915114064856,0.4240245744401481
Energy,MAPE (%),12,37.85468104063018,34.393448712992615,14.33603070625396,20.39736833116909,72.39711684403423,37.854681040630176
Energy,MdAPE (%),12,38.87496078089264,33.13631611168357,15.042247664544231,19.49177386424374,74.21131782722247,38.87496078089265
Energy,sMAPE (%),12,49.6013545048262,42.16262493500105,25.118929038655622,23.462220264069376,115.1868711081234,49.60135450482621
Energy,Accuracy (%),12,62.145318959369824,65.60655128700739,14.33603070625396,27.60288315596577,79.60263166883091,62.145318959369824
Financial ,RMSE,38,4222.29837091308,1855.6678729438604,5939.062322400781,141.9505040952128,27152.428591731375,3698.6933055241784
Financial ,MAE,38,3569.572625808463,1585.0699637159732,5050.779306463038,121.34814967354862,22986.826064109486,3125.9884879705155
Financial ,NRMSE,38,0.3458075774122182,0.2953209688965671,0.17742648279842305,0.10701889473902618,0.9464065917589392,0.3357572904212868
Financial ,MAPE (%),38,27.363912048279996,28.19175457413836,10.890744126245492,8.769078970110694,53.33980910958582,27.15888249319287
Financial ,MdAPE (%),38,29.1026938119818,27.396823039028888,14.573167816939304,6.6705117912683605,58.281312628314616,28.91529278988126
Financial ,sMAPE (%),38,32.627856199255895,28.7478846475085,16.09865844777851,9.18833275737122,75.27047224647387,32.094436960218864
Financial ,Accuracy (%),38,72.63608795171999,71.80824542586163,10.890744126245492,46.66019089041418,91.2309210298893,72.84111750680715
Healthcare,RMSE,30,4568.616801597164,1518.8258630332089,6441.489946675556,85.8100355065676,22882.90366609622,4074.6353695111493
Healthcare,MAE,30,3938.5694230445524,1239.761472168333,5593.300086876699,78.04381210102636,19423.685675300236,3523.4054715691173
Healthcare,NRMSE,30,0.22075984282234953,0.17433440637858233,0.17803898000686277,0.049836701638239424,0.9224445443607837,0.20180407280969506
Healthcare,MAPE (%),30,18.294003894746133,14.503459186980573,16.068820583551357,4.180981909793426,86.61616060737549,16.357963368757684
Healthcare,MdAPE (%),30,18.263782272344447,12.834222076714592,18.439088409698225,3.4138295316833793,97.99841820378799,15.946472158387929
Healthcare,sMAPE (%),30,18.53124398942147,15.54886804152083,12.444490472287598,4.170414128999294,58.84291898832377,17.60442809161861
Healthcare,Accuracy (%),30,81.70599610525387,85.49654081301944,16.068820583551357,13.383839392624509,95.81901809020657,83.64203663124233
Industrials,RMSE,35,1671.0199631840762,1031.7771058965204,1774.4623459712006,114.69965641175494,6714.147831757294,1565.3591279779885
Industrials,MAE,35,1458.7784321469198,896.7427734171868,1545.2515752186002,89.46459964659304,5854.855270471101,1367.0583410613485
Industrials,NRMSE,35,0.2070923424672349,0.20828577934560596,0.1264311493739302,0.05253740216734835,0.6701736826660367,0.19774305762181324
Industrials,MAPE (%),35,18.206936568145316,18.14313934821833,12.706346494214765,3.997106724372042,67.1557109482214,17.154241279166442
Industrials,MdAPE (%),35,19.147500091140262,18.138715474475124,13.80550807149911,3.3137140062779875,69.39777447495297,18.104576203293277
Industrials,sMAPE (%),35,19.97324154874973,20.05522829326139,16.494571728326367,4.111673245271258,101.7136068956111,17.97691436561691
Industrials,Accuracy (%),35,81.7930634318547,81.85686065178167,12.706346494214765,32.8442890517786,96.00289327562795,82.84575872083356
Information Technology,RMSE,23,3406.9649912933824,1058.6671553011186,5469.661554141503,91.60752415596522,19693.746648587236,2789.2781250954577
Information Technology,MAE,23,2697.7100509517754,982.5676678368152,4272.077985003927,75.35258935304678,16131.206892731456,2182.893889990777
Information Technology,NRMSE,23,0.2951428789508701,0.2538603759593664,0.283608839475744,0.05754241467083242,1.458040027288608,0.25108113209097954
Information Technology,MAPE (%),23,22.516006782063215,21.712946745294463,12.686497319905277,4.6529750115160775,48.2371993910353,22.141808646900124
Information Technology,MdAPE (%),23,21.312492475115178,20.15937023548092,13.44892397759976,4.772689581013631,56.76301518626651,20.41198200763662
Information Technology,sMAPE (%),23,24.553061511335144,22.290231106228187,17.254439462246772,4.765461258766928,76.16794975967288,23.037476368679457
Information Technology,Accuracy (%),23,77.48399321793677,78.28705325470554,12.686497319905277,51.7628006089647,95.34702498848392,77.85819135309988
Materials,RMSE,10,874.4261997792128,737.8462690908063,562.2396681747394,271.6361002271576,2284.2551311952952,874.4261997792128
Materials,MAE,10,757.8065159809748,695.3740753191466,464.2633731109133,199.45985012080425,1891.3218098686636,757.806515980975
Materials,NRMSE,10,0.21600259458463839,0.21192873513828747,0.09984062005339356,0.08426209510548727,0.36606438614471726,0.21600259458463844
Materials,MAPE (%),10,17.8020804881344,18.34444133478021,8.17207961823837,7.024855249040626,31.37650122061599,17.8020804881344
Materials,MdAPE (%),10,16.127322630635028,14.894719918988596,9.639037536358366,4.011453317471777,33.79608237230378,16.127322630635028
Materials,sMAPE (%),10,20.092645794891258,20.795297737015733,10.343814790729407,7.2127618720627895,37.89043636145688,20.092645794891258
Materials,Accuracy (%),10,82.19791951186559,81.65555866521979,8.17207961823837,68.62349877938401,92.97514475095937,82.19791951186559
Real Estate,RMSE,5,356.47098695219887,266.3613525217875,235.08910728888682,116.16439895926307,733.2262837163703,356.47098695219887
Real Estate,MAE,5,295.8736940992895,247.6285748035816,197.95059535541182,105.55155714936396,632.3043047825805,295.87369409928954
Real Estate,NRMSE,5,0.23545040825125643,0.2121440978305278,0.08736416328808147,0.16194471135767585,0.38295297959139074,0.23545040825125643
Real Estate,MAPE (%),5,18.93041047383782,16.553789008085616,8.040094161553979,10.31816294389693,31.16296517018319,18.93041047383782
Real Estate,MdAPE (%),5,20.691956444899954,17.478588295740682,10.922345504114025,7.700980426172857,36.85204926019199,20.691956444899954
Real Estate,sMAPE (%),5,21.904641377881077,18.25883427072626,10.818059691277698,11.141370125977248,39.00119337534772,21.90464137788108
Real Estate,Accuracy (%),5,81.06958952616216,83.44621099191438,8.040094161553975,68.83703482981682,89.68183705610306,81.06958952616218
Utilities,RMSE,19,742.7719688005615,549.2443008389155,486.19338451318094,258.24965072050907,2096.8858025974746,742.7719688005616
Utilities,MAE,19,626.272448375145,478.97187491631496,433.29561731133964,184.80014476222394,1877.6036199384162,626.2724483751451
Utilities,NRMSE,19,0.20838197895900343,0.20267318359774142,0.053834995416516734,0.09863200986645021,0.3401826415635096,0.20838197895900343
Utilities,MAPE (%),19,16.111837301950356,16.301779942074916,5.272193039081509,7.032088880836139,30.141937873209706,16.111837301950356
Utilities,MdAPE (%),19,15.996461478370822,16.89838091534281,7.022426033245632,4.208529385308933,33.46953098284994,15.996461478370822
Utilities,sMAPE (%),19,17.915801549787954,18.06673753524951,6.504396300983079,7.401637552591343,35.79478723678239,17.915801549787954
Utilities,Accuracy (%),19,83.88816269804965,83.69822005792508,5.27219303908151,69.85806212679029,92.96791111916386,83.88816269804964
